close,realized_absolute_vol
4377.22,1.181898666000941
4391.48,0.3257775483069005
4315.83,1.7226538661225748
4219.53,2.231320510770818
4301.09,1.932916699253244
4362.95,1.4382400740277388
4423.3,1.3832384052074942
4597.98,3.949087785137779
4764.7,3.6259400867337455
4749.29,0.32342015237055544
4822.01,1.531176238974673
5445.0,12.919716052019794
5653.6,3.8310376492194744
5801.29,2.612317815197389
5679.7,2.0959131503510453
5745.72,1.1623853372537358
5597.31,2.582966103464837
5582.05,0.27263096022911393
5698.69,2.0895549126216966
5977.29,4.888842874415004
6013.46,0.6051237266386619
5969.0,0.7393414107685099
5871.17,1.6389680013402568
5523.4,5.923350882362467
5735.88,3.8469058912988463
5890.0,2.686946030949042
5771.89,2.0052631578947313
5730.69,0.7138043171301034
6137.37,7.096527643268094
6119.99,0.28318318758686717
6434.21,5.134322114905421
6741.59,4.777276464398895
7030.0,4.278070900188232
7146.82,1.6617354196301524
7388.83,3.386261302229526
7372.72,0.2180318128851208
6967.68,5.493766208400698
7130.28,2.333631854505365
7450.32,4.488463286154261
7148.0,4.057812281888559
6588.18,7.831841074426409
6355.13,3.5373957602858477
5870.37,7.627853403470899
6525.17,11.15432247030426
6609.0,1.2847174862877124
7294.0,10.36465425934332
7846.96,7.5810255004112985
7674.99,2.1915493388522465
7771.03,1.2513371352926839
8016.58,3.159812791869291
8226.17,2.6144565388232905
8095.23,1.5917492587680597
8214.69,1.475683828625017
7989.0,2.7473952151572427
8199.19,2.6309926148454186
8717.99,6.327454297314726
9271.06,6.344008194549429
9708.07,4.7137004830084175
9868.82,1.655838905158286
9824.68,0.4472672518092276
9947.67,1.2518473884136663
10840.45,8.974764944956966
10872.0,0.29103957861527213
11250.0,3.47682119205298
11613.07,3.2272888888888867
11677.0,0.5505004275355293
13623.5,16.66952128115098
16599.99,21.848203471941876
15800.0,4.819219770614329
14607.49,7.547531645569622
14691.0,0.5716930150217472
16470.0,12.109454768225444
16650.01,1.0929568913175374
16250.0,2.402461019542922
16404.99,0.9537846153846252
17471.5,6.501131667864462
19187.78,9.823312251380814
18953.0,1.2235912648571061
18940.57,0.06558328496808047
17700.0,6.549802883440147
16466.98,6.966214689265539
15600.01,5.264899817695773
14009.79,10.19371141428755
14619.0,4.348459184613039
14157.87,3.1543197209111375
13911.28,1.7417167977951495
15764.44,13.321275971729415
15364.93,2.5342479656746466
14470.07,5.82404215313705
14340.0,0.8988899155290867
12640.0,11.85495118549512
13880.0,9.81012658227848
13443.41,3.1454610951008655
14678.94,9.190599706473288
15155.62,3.247373447946516
15143.67,0.07884863832690928
16928.0,11.782678835447417
17149.67,1.309487240075604
16124.02,5.980581550548774
14999.99,6.9711523553059385
14403.51,3.97653598435732
14890.02,3.377718347819387
13243.83,11.055660099852119
13781.41,4.059097708140318
14197.78,3.0212438349922164
13647.99,3.8723659614390478
13607.04,0.3000441823301373
11386.34,16.3202283523823
11191.35,1.7124905808187687
11247.57,0.5023522631317879
11552.0,2.706629076324933
12775.99,10.595481301939056
11558.87,9.52661985489969
10808.99,6.487485368379444
10851.82,0.39624423743568943
11400.96,5.060349323892209
11155.54,2.1526257437969982
11092.95,0.5610665194154666
11446.54,3.187520001442359
11685.58,2.088316644156217
11162.62,4.475259251145421
9971.0,10.67509240662139
10149.0,1.7851770133386822
8998.99,11.33126416395704
8838.83,1.7797552836484969
9225.86,4.378746960853423
8191.0,11.216948880646363
6874.27,16.075326577951405
7737.37,12.555514985591188
7588.01,1.93037168960512
8259.76,8.852782218262758
8693.98,5.257053473708671
8560.0,1.5410663470585344
8067.0,5.759345794392523
8899.0,10.31362340399157
8522.99,4.225306214181371
9490.98,11.357399222573296
10018.0,5.552851233486958
10196.0,1.7768017568376921
11101.0,8.876029815613967
10421.06,6.125033780740479
11173.0,7.215580756660077
11233.41,0.5406784211939484
10449.4,6.9792698744192565
9843.34,5.799950236377203
10166.1,3.2789683176645346
9689.99,4.683310217290805
9590.04,1.0314768126695582
10324.7,7.6606562642074465
10566.3,2.3400195647331015
10314.9,2.379262371880409
10903.13,5.702721306071795
11029.99,1.163519099561324
11445.0,3.762560074850478
11463.27,0.1596330275229396
11419.24,0.38409633551334527
10723.76,6.090422830240888
9913.03,7.560128164002173
9285.32,6.3321708902323595
9230.0,0.5957791438528743
8791.47,4.751137594799574
9535.04,8.457857445910657
9120.75,4.34492146860423
9142.32,0.2364937093988949
8196.69,10.34343580185335
8265.05,0.8339951858615949
8258.54,0.07876540371804647
7860.83,4.815742249840782
8188.24,4.165081804338726
8596.93,4.991182476331916
8904.02,3.572089106227457
8893.79,0.11489192522028885
8704.67,2.126427541014582
8920.79,2.482805206860235
8547.0,4.190099755739131
8453.9,1.0892710892710935
8149.66,3.598812382450701
7791.7,4.392330477590477
7932.41,1.8058960175571446
7088.38,10.640271998043467
6850.0,3.362968689601857
6928.62,1.1477372262773706
6813.52,1.6612254676977443
7052.76,3.5112540947997477
7416.27,5.154152416926142
6799.95,8.310377049379278
6771.69,0.41559129111243787
6618.33,2.2647226910859724
6904.9,4.329944260863386
7027.26,1.772074903329528
6780.1,3.517160315684916
6835.67,0.8196044306131134
6940.94,1.5400099770761244
7923.78,14.160041723455327
7896.92,0.338979628409669
8000.41,1.310510933376554
8354.22,4.422398352084449
8048.15,3.663657409069904
7890.87,1.9542379304560646
8172.84,3.5733702367419595
8271.31,1.2048443380758629
8861.0,7.129342268637018
8920.71,0.6738517097392972
8789.96,1.465690511181285
8946.95,1.786014953424152
9648.0,7.835631136867863
8864.99,8.115775290215591
9274.48,4.61918174752594
8921.43,3.806682423165496
9345.11,4.749014451719066
9393.99,0.5230543032666196
9242.17,1.61613968079591
9066.9,1.8964161014134173
9222.0,1.7106177414551873
9732.43,5.534916504012148
9696.57,0.36845885354429037
9823.28,1.3067507376319767
9623.54,2.033333061869353
9359.52,2.7434810890794905
9167.69,2.0495709181667428
9308.49,1.5358285456859826
9020.99,3.0885782763906926
8411.42,6.757240613280802
8481.6,0.8343418828212155
8696.58,2.5346632710809227
8674.36,0.25550273785786304
8474.99,2.2983828201734857
8346.59,1.515046035452545
8067.03,3.3493917875443793
8248.87,2.254113347787241
8231.2,0.21421115861930268
8518.48,3.4901350957332933
8391.76,1.4875893351865515
7984.08,4.858098897013264
7502.89,6.026868468251816
7586.88,1.1194353109268533
7471.18,1.5250010544518935
7335.99,1.8094865871254675
7347.39,0.1553982489071079
7112.5,3.196917544869679
7469.45,5.018629173989453
7375.73,1.254710855551617
7492.28,1.5801825717590015
7511.6,0.25786542948208846
7642.0,1.7359816816656854
7703.67,0.8069876995550913
7488.26,2.7961997333738315
7617.98,1.7323116451618845
7658.57,0.5328184111798685
7689.28,0.40098869632320444
7618.11,0.925574306046861
7492.7,1.6462088365749492
6781.17,9.496309741481705
6880.61,1.4664136129900827
6557.67,4.693479211872197
6307.4,3.816447000230271
6646.1,5.369882994577809
6390.6,3.844359850137675
6487.92,1.5228617031264624
6453.41,0.5319116141999318
6707.5,3.937298265568128
6736.52,0.4326500186358619
6756.58,0.29777986259967293
6718.33,0.5661148095634182
6050.45,9.941160973039432
6177.38,2.0978604897156456
6153.4,0.38819046262332046
6253.61,1.6285305684662146
6068.0,2.9680456568286107
6135.64,1.1147000659195836
5848.33,4.682641093675645
6204.24,6.085668900352747
6385.71,2.924935205601335
6349.99,0.5593739772084898
6612.98,4.1415813253249185
6507.99,1.587635226478831
6584.25,1.1717903684547797
6533.69,0.7678930781789938
6596.53,0.9617842291262694
6759.99,2.4779694778921653
6706.6,0.7897940677426952
6666.75,0.5941907971252253
6299.46,5.509281133985825
6380.0,1.2785222860372152
6243.88,2.1335423197492145
6215.59,0.45308365951940077
6243.98,0.4567547087243435
6349.3,1.6867446724685315
6721.04,5.854818641425035
7310.71,8.77349338792806
7374.88,0.877753323548603
7471.42,1.3090382487579453
7330.84,1.8815700362180139
7409.92,1.0787304047012338
7396.6,0.17975902573846558
7719.62,4.367141659681469
8403.83,8.863260108658197
8174.06,2.734110518656369
7926.0,3.034722035316604
8183.05,3.243123896038357
8237.74,0.6683327121305577
8216.74,0.2549242874866165
8160.21,0.6879857461718364
7725.43,5.328049155597708
7602.01,1.5975809760751192
7536.37,0.8634558491767351
7416.98,1.5841844283123085
7009.99,5.487273796073332
7032.61,0.32268234334142976
6936.11,1.3721790345262996
6717.68,3.1491715096790474
6283.59,6.4619035143085135
6543.76,4.140467471620523
6139.99,6.170305756934857
6239.98,1.628504280951594
6310.82,1.1352600489104157
6252.63,0.9220671798593464
6193.62,0.9437628645865854
6272.3,1.2703394783664528
6313.51,0.6570157677407018
6580.15,4.223324268117092
6399.28,2.7487215337036375
6481.99,1.2924891550299415
6260.82,3.4120694416375232
6479.27,3.489159566957695
6355.76,1.9062332639325144
6525.01,2.6629388145556154
6692.94,2.573635902473703
6732.4,0.5895764790958837
6700.46,0.4744221971362308
6904.51,3.0453133068475924
7080.94,2.555286327342554
7032.96,0.6775936528200996
6984.01,0.6960085085085059
7017.35,0.47737617786916314
7185.01,2.3892210022301845
7290.31,1.4655511961709196
7258.99,0.4296113608337727
7361.0,1.4052919207768606
6679.3,9.260969976905308
6493.09,2.787866992050066
6400.0,1.4336779561041066
6178.31,3.4639062499999937
6236.04,0.9343979178772117
6301.99,1.0575621708648408
6279.99,0.3490960791749908
6322.45,0.6761157262989278
6485.7,2.582068660092211
6476.51,0.14169634734877654
6520.15,0.6738196961017495
6499.98,0.30934871130265523
6254.52,3.7763193117517155
6332.34,1.244220179965844
6388.4,0.8852967465423445
6492.98,1.637029616179324
6749.45,3.949958262615937
6710.01,0.5843439095037315
6702.22,0.11609520701161345
6581.52,1.8008958225781877
6428.99,2.317549745347589
6461.51,0.505833731270393
6681.62,3.4064792904444885
6610.76,1.0605212508343735
6579.38,0.4746806721163695
6597.81,0.2801175794679786
6571.2,0.40331564564606404
6500.0,1.0835159483808106
6456.77,0.6650769230769163
6547.56,1.4061210171649285
6582.12,0.5278302146142912
6544.08,0.577929299374669
6577.63,0.512677106636841
6604.75,0.41230656026562595
6588.8,0.2414928649835318
6517.55,1.0813805245264692
6152.76,5.5970418332041945
6185.15,0.5264304149682324
6199.69,0.23507918158815816
6183.0,0.26920700873752723
6441.74,4.184699983826619
6461.2,0.30209229183419445
6437.29,0.3700550981241852
6396.18,0.6386227744905026
6383.46,0.19886869975517035
6412.86,0.4605652733783816
6413.38,0.008108706567747254
6406.06,0.11413638362298364
6393.41,0.1974692712837617
6411.96,0.29014250611176484
6393.53,0.28743161217475294
6406.1,0.19660500537262857
6407.66,0.024351789700433814
6405.57,0.0326172112752572
6266.52,2.170767004341523
6269.46,0.046915991650862035
6303.27,0.5392808950053178
6340.99,0.5984195504872764
6350.43,0.1488726523776336
6335.0,0.2429756725135194
6421.76,1.369534333070248
6403.2,0.28901734104046867
6447.5,0.6918415792103977
6501.0,0.8297789841023653
6405.49,1.4691585909860057
6325.0,1.2565783413915217
6349.32,0.38450592885375035
6357.54,0.12946268261798516
6318.0,0.621938674392925
6260.91,0.9036087369420727
5595.91,10.6214591808539
5585.0,0.19496382179126998
5508.71,1.3659803043867496
5503.36,0.09711892620959106
5559.26,1.0157431096639242
4735.44,14.818878771635086
4352.0,8.09724122784788
4538.01,4.274126838235299
4275.23,5.790643916606633
4288.26,0.3047789241748551
3785.65,11.720604627517924
3938.89,4.0479177948304725
3727.34,5.370802434188305
3771.01,1.1716130001556089
4220.16,11.910602199410757
4249.8,0.7023430391264864
3971.06,6.558896889265382
4140.39,4.264100769064189
4102.05,0.9259997246636221
3834.34,6.526249070586658
3903.52,1.8042218478277836
3696.69,5.298551051358772
3437.26,7.017899796845281
3380.68,1.6460785625760164
3398.8,0.5359868428836905
3529.75,3.852830410733194
3408.0,3.449252779941922
3353.42,1.6015258215962418
3430.18,2.2890064471494704
3262.73,4.881668017421821
3195.75,2.0528820956683522
3179.54,0.5072361730423229
3193.78,0.4478635274285034
3496.73,9.4856251839513
3667.16,4.873982263428971
3684.5,0.4728454717001752
4073.77,10.565069887365992
3841.08,5.711908134234384
3980.9,3.6401220490070543
3943.83,0.9311964631113608
4036.0,2.337068281340729
3779.99,6.343161546085238
3810.01,0.794181995190475
3591.69,5.730168687221298
3884.97,8.16551539804381
3725.48,4.105308406499916
3835.79,2.9609607352609584
3693.3,3.714749764715998
3823.44,3.5236780115343964
3885.87,1.6328227983177408
3787.81,2.523501815552243
3817.71,0.7893743350379268
3791.84,0.6776313549221886
4040.71,6.563304358833704
4005.45,0.8726189209322178
3994.9,0.26339112958593236
4002.13,0.1809807504568329
3627.51,9.360515525482677
3632.02,0.12432770688433012
3617.13,0.4099647028375359
3515.95,2.7972453298609747
3664.28,4.218774442184911
3576.93,2.3838243802329613
3605.91,0.8101919802735872
3638.01,0.8902052463871912
3609.21,0.7916415842727256
3681.0,1.9890779422643727
3536.72,3.919587068731328
3531.51,0.14731163337780717
3576.81,1.2827374126081967
3552.32,0.6846883116519967
3570.73,0.5182528601026893
3560.0,0.3004987775608914
3555.56,0.12471910112359705
3533.23,0.6280304649619168
3429.5,2.9358405764696895
3390.5,1.1371920104971571
3437.35,1.3818020940864153
3413.11,0.705194408483273
3434.83,0.6363697624746872
3462.82,0.8148874907928554
3414.82,1.3861534818442771
3410.87,0.11567227555186724
3431.39,0.6016060418602873
3364.62,1.945858675347308
3359.33,0.15722429278789174
3622.94,7.847100463485282
3622.62,0.008832605563441948
3650.37,0.7660201732447787
3588.7,1.6894177850464493
3585.94,0.07690807256108796
3574.93,0.3070324656854331
3560.46,0.4047631701879421
3566.29,0.1637428871550285
3579.92,0.38218989482067106
3625.6,1.2760061677355872
3869.8,6.735436893203891
3888.46,0.48219546229778937
3936.53,1.23622205191773
3900.4,0.9178134041910033
3939.82,1.0106655727617697
4113.53,4.409084678995477
3730.68,9.307091476177394
3820.71,2.4132329762938713
3795.06,0.6713411905117136
3798.47,0.0898536518526678
3791.36,0.187180627989682
3807.05,0.41383566846725334
3810.46,0.08957066495054844
3789.52,0.549539950557152
3698.66,2.3976651396482964
3844.07,3.931423812948482
3851.55,0.19458542638401533
3856.64,0.13215458711427064
3844.64,0.31115167607036176
3916.43,1.8672749594240283
3897.92,0.47262430325576515
3849.25,1.2486146457597915
3859.74,0.2725206209001697
3848.48,0.29172949473279974
3854.77,0.16344115079200006
3901.21,1.2047411389006362
3990.0,2.275960535321092
3965.5,0.6140350877192983
3969.59,0.10313957886773786
3998.13,0.7189659385478088
4031.59,0.8368912466578134
3974.21,1.4232598056846084
3982.07,0.19777515531388948
3982.52,0.011300655186870599
3969.99,0.31462491086046523
3910.51,1.4982405497242957
3922.58,0.308655392774848
4025.5,2.6237833262801544
4012.23,0.3296484908706988
4090.0,1.9383235756673964
4094.92,0.12029339853300912
4096.08,0.028327781739322246
4136.32,0.9824026874475055
4899.63,18.45384302955285
4978.23,1.604202766331324
4907.94,1.4119476199372059
5039.73,2.685240650863702
5041.39,0.03293827248683489
5190.85,2.9646585564695456
5287.88,1.8692507007522803
5192.6,1.8018563204913831
5323.47,2.5203173747255687
5040.2,5.321153307898803
5076.35,0.7172334431173475
5063.63,0.2505737390053927
5162.72,1.956896534699418
5027.31,2.622842222704308
5202.43,3.4833738122375557
5233.72,0.6014497071560783
5281.58,0.9144547281856819
5289.91,0.15771795561176633
5318.89,0.5478354074076964
5295.65,0.43693326991159226
5386.8,1.721224023490989
5531.32,2.6828543847924466
5440.95,1.6337872334271006
5132.55,5.668127808562836
5155.19,0.44110627271043473
5168.91,0.2661395603265885
5160.98,0.15341725818403282
5149.11,0.22999507845408995
5269.0,2.328363542437437
5318.42,0.937938887834505
5385.0,1.2518755570263334
5658.22,5.073723305478184
5764.65,1.8809802376012135
5709.32,0.9598154267821972
5685.46,0.417913166541719
5751.54,1.162263035884518
5940.89,3.292161751461354
6156.7,3.6326207016120398
6342.84,3.023372910812616
7217.47,13.789248979952198
6974.35,3.368493391728679
7810.05,11.982478653924735
7986.0,2.2528664989340634
8208.69,2.7885048835462123
7880.0,4.004171189312795
7351.71,6.704187817258883
7260.12,1.2458326022109163
8200.0,12.945791529616594
8005.64,2.3702439024390203
7955.16,0.6305554584018326
7624.95,4.150890742612343
7880.22,3.347825231640869
7999.02,1.5075721236209163
8064.64,0.8203504929353832
8733.26,8.290760653916355
8770.73,0.42904940423163107
8717.96,0.6016602950951682
8663.41,0.6257197784802784
8277.76,4.451480421681528
8547.2,3.254986856347617
8556.27,0.10611662298764166
8734.49,2.0829169719983045
8103.64,7.222516712481203
7665.53,5.406335918179985
7785.94,1.5707981052843034
7806.07,0.25854296334161464
8001.25,2.5003618978564157
7932.27,0.8621152944852313
7632.99,3.7729426759301012
8021.1,5.0846391780940445
7919.1,1.271646033586416
8176.27,3.247464989708427
8238.0,0.7549897447124368
8697.54,5.578295702840506
8857.19,1.8355764963426398
8974.19,1.3209607110155703
9333.48,4.003592524784956
9078.84,2.7282428418981928
9278.27,2.196646267584849
9534.99,2.766895121612104
10222.12,7.206405040802361
10661.3,4.296369050647013
10831.95,1.6006490765666614
11029.63,1.8249714963602903
11751.01,6.540382587629876
12920.54,9.952591309172579
11153.74,13.674351072014026
12354.43,10.764909348792427
11858.62,4.013216311881645
10760.1,9.263472478247893
10577.43,1.6976608024089002
10828.9,2.377420602168952
11967.43,10.513810266970799
11146.34,6.861038669121107
10997.84,1.3322758860756088
11240.0,2.2018869159762264
11469.96,2.045907473309601
12286.14,7.1158051117876635
12567.23,2.2878625833662984
12098.95,3.726199011237949
11349.24,6.19648812500259
11808.91,4.050227151774041
11378.79,3.642334474561996
10191.87,10.430986071453994
10850.0,6.457401831067303
9412.81,13.245990783410145
9699.35,3.0441494091562546
10648.6,9.786738286586214
10535.43,1.0627688146798646
10750.11,2.0376956612117425
10600.24,1.3941252694158552
10328.83,2.5604137264816633
9847.02,4.664710330211645
9763.67,0.8464489764416072
9883.96,1.2320162397950674
9846.94,0.37454623450518437
9481.37,3.7125238906706013
9533.19,0.5465454886793755
9495.39,0.3965094580093451
9593.62,1.034502005710154
10085.34,5.125489648328778
10407.71,3.1964217368973085
10529.51,1.170286258936895
10821.52,2.7732534562387063
10986.96,1.5288055652070938
11800.0,7.400045144425764
11470.0,2.7966101694915255
11971.57,4.372885789014819
11983.43,0.09906804203626243
11859.32,1.0356801016069739
11273.2,4.942273250068292
11528.73,2.266703331795753
11385.11,1.2457573384058693
10862.28,4.5922261620660665
10022.99,7.726646707689369
10301.44,2.7781131179418592
10354.34,0.5135204398608315
10210.89,1.3854094032067783
10318.99,1.0586736317794077
10927.3,5.8950536825793955
10772.22,1.4191977890238205
10134.75,5.917721695249441
10112.01,0.22437652630799754
10401.6,2.8638223261250744
10149.7,2.421742808798643
10136.75,0.12758997802891442
10360.97,2.2119515623843866
10167.29,1.869323046008226
9711.78,4.480151544806927
9490.0,2.283618450994572
9579.75,0.9457323498419389
9594.15,0.15031707508024358
9767.53,1.8071428943679329
10384.48,6.31633585973116
10617.61,2.244984823505857
10586.26,0.2952641884567277
10573.66,0.11902220425344139
10311.09,2.483246103998045
10484.39,1.6807146480148971
10400.18,0.8031940818683694
10307.45,0.8916191835141273
10096.0,2.0514288209013936
10154.46,0.5790412044373923
10420.34,2.6183568599413563
10368.65,0.49604907325481234
10355.37,0.12807839014721142
10305.74,0.47926824439880966
10269.98,0.34699109428338204
10195.73,0.722980960040818
10152.09,0.42802231914732364
10271.53,1.1765065124521208
10169.02,0.9980012714756246
9985.28,1.8068604447626198
10020.58,0.35352038200230007
9682.19,3.3769502364134554
8536.82,11.829658372744191
8432.16,1.2259834458264303
8055.03,4.472519496783744
8187.72,1.6472936786082797
8218.07,0.3706770627231934
8047.6,2.0743313211009315
8298.45,3.1170783836174802
8319.01,0.24775711126776073
8373.42,0.6540441711213216
8239.92,1.5943306319281727
8152.07,1.0661511276808557
8145.17,0.08464107889161449
7854.12,3.573283307776267
8205.53,4.474212260571531
8178.54,0.3289245179775187
8586.34,4.986220034382667
8582.11,0.04926429654543803
8265.55,3.688603385414558
8303.43,0.4582877122514657
8282.96,0.24652462897864091
8362.99,0.9662004887141875
8155.13,2.4854746926637445
7995.89,1.9526359481700446
8073.32,0.9683725013725725
7955.08,1.4645771504164307
7960.49,0.06800685851053483
8235.74,3.4577017243913377
8213.65,0.2682211920240336
8025.9,2.2858290772068446
7470.77,6.916732079891343
7435.0,0.4787993740939747
8662.66,16.511903160726295
9252.75,6.811879953732458
9557.08,3.289076220583069
9216.44,3.5642685841282002
9426.94,2.2839621372243513
9159.94,2.832308256974161
9150.07,0.10775179750086572
9250.45,1.0970407876661166
9304.75,0.586998470344678
9207.0,1.0505387033504394
9410.76,2.213098729227764
9320.14,0.9629402938763798
9344.78,0.2643737111245243
9199.36,1.5561629059218094
8767.37,4.6958701474885185
8812.21,0.5114418577064539
9024.49,2.408930336430937
8720.36,3.37005193645291
8813.91,1.07277681196647
8755.24,0.6656523608704885
8636.9,1.351647698977985
8463.49,2.007780569417266
8484.63,0.24977875557245793
8499.31,0.17301874094686856
8170.65,3.8669021367616887
8121.63,0.5999522681793924
8088.44,0.4086618080360778
7611.51,5.896439857376693
7285.85,4.2785202936079685
7320.39,0.4740696006643008
6908.36,5.6285252561680545
7122.14,3.094511577277395
7159.22,0.5206300353545413
7527.84,5.148884934392292
7436.72,1.2104401793874457
7753.69,4.26222850934282
7550.67,2.6183662230499225
7412.66,1.8277848190955268
7309.64,1.3897845038083432
7300.43,0.12599799716538757
7197.78,1.4060815595793748
7390.42,2.6763807729605564
7541.79,2.0481921189864702
7502.65,0.5189749383104054
7524.26,0.2880315621813703
7340.52,2.4419677150975616
7216.07,1.6953839782467826
7207.42,0.11987134271147087
7188.42,0.26361721670167687
7257.47,0.9605726988684605
7059.03,2.7342861906422002
7115.08,0.7940184416272515
6882.19,3.2731887765141123
6612.3,3.9215714765212732
7286.91,10.202350165600468
7149.57,1.8847495028757064
7194.11,0.6229745285380794
7147.4,0.6492811480502805
7509.7,5.068976131180572
7316.17,2.577066993355257
7251.52,0.8836590729849038
7195.79,0.7685285291911278
7188.3,0.1040886407190841
7246.0,0.8026932654452349
7296.24,0.6933480540988102
7385.54,1.2239180728704124
7220.24,2.2381572640592315
7168.36,0.7185356719444245
7178.68,0.1439659838512661
6950.56,3.1777429833897024
7338.91,5.587319582882523
7344.48,0.07589682936566478
7356.7,0.16638346077598762
7762.74,5.519322522326586
8159.01,5.104769707603249
8044.44,1.404214481904062
7806.78,2.954338648805882
8200.0,5.036903819500489
8016.22,2.241219512195119
8180.76,2.0525883770654993
8105.01,0.9259530899329645
8813.04,8.735707913993945
8809.17,0.04391220282672948
8710.15,1.124055955328373
8892.63,2.0950270661239996
8908.53,0.17879974765622159
8696.6,2.378955899570415
8625.17,0.8213554722535276
8717.89,1.0749933044797881
8655.93,0.7107224339834424
8378.44,3.205779159489503
8422.13,0.5214574550870889
8329.5,1.0998405391510129
8590.48,3.133201272585384
8894.54,3.53949953902461
9400.0,5.682812152174245
9289.18,1.1789361702127628
9500.0,2.2695221752619683
9327.85,1.8121052631578909
9377.17,0.528739205711924
9329.39,0.509535392874403
9288.09,0.44268703527239484
9159.37,1.3858608174554654
9618.42,5.0118075806523725
9754.63,1.4161369538863882
9803.42,0.5001727384841954
9902.0,1.0055674448304768
10173.97,2.746616845081795
9850.01,3.18420439612068
10268.98,4.253498219798755
10348.78,0.7770976280020129
10228.67,1.1606198991572008
10364.04,1.3234369668783996
9899.78,4.479527288586306
9912.89,0.13242718525056882
9697.15,2.176358256774763
10185.17,5.032612674858082
9595.72,5.787335901118987
9612.76,0.17757917071361892
9696.13,0.8672847340409932
9668.13,0.2887750061106854
9965.21,3.0727762245646257
9652.58,3.137214368789009
9305.4,3.596758586823422
8779.36,5.653061663120329
8816.5,0.42303767017185095
8703.84,1.2778313389667084
8527.74,2.023244912590309
8528.95,0.014188987938198701
8917.34,4.553784463503707
8755.45,1.815451692993644
8753.28,0.024784562758054386
9066.65,3.580029428968329
9153.79,0.9611047079130797
8893.93,2.838824137324546
8033.7,9.672102209034707
7936.25,1.2130151735812866
7885.92,0.6341786108048503
7934.57,0.6169223121715619
4841.67,38.98005815059921
5622.74,16.13224362668252
5169.37,8.063150705883606
5343.64,3.3712038410870266
5033.42,5.8054060528029625
5324.99,5.792681715414165
5406.92,1.5385944386750077
6181.18,14.319797592714526
6210.14,0.46851895592750953
6187.78,0.3600562950271746
5813.15,6.054352287896469
6493.51,11.703809466468277
6768.64,4.2369997120201575
6692.22,1.1290303517397893
6760.72,1.0235766307742422
6376.03,5.69007442994238
6253.08,1.9283158956278408
5870.9,6.1118680714144125
6407.77,9.144594525541242
6421.14,0.20865293229937856
6652.07,3.5964018850235218
6801.99,2.2537345518011698
6742.57,0.8735678823403161
6879.61,2.0324594331241643
6775.2,1.517673240198207
7352.43,8.519748494509393
7202.73,2.036061546998757
7367.36,2.285661131265508
7293.93,0.9966935238674285
6877.03,5.715711557418299
6883.18,0.0894281397638304
6908.24,0.3640759067756399
6864.22,0.6372100563964125
6879.75,0.22624566228937512
6619.0,3.7901086522039313
7111.67,7.443269376038677
7024.19,1.230090822549422
7262.26,3.3892875904552784
7126.4,1.8707675021274448
6841.0,4.004827121688366
6854.98,0.20435608829117913
7137.79,4.125613787348765
7484.58,4.858506624599491
7505.53,0.2799088258793388
7547.56,0.5599871028428459
7701.73,2.0426468951555092
7786.41,1.0994932307416683
7767.79,0.23913459476189786
8790.32,13.16371838064623
8627.32,1.8543124709908172
8832.44,2.377563368462058
8983.79,1.7135695232574504
8915.98,0.7548039301898342
8882.87,0.3713557006632896
9034.85,1.7109335158569197
9154.32,1.3223241116343862
10000.0,9.238042803834695
9801.35,1.9864999999999962
9546.56,2.5995398593051045
8731.17,8.541191801025704
8571.98,1.8232378936614508
8825.46,2.9570764280831217
9315.5,5.552571763964722
9793.5,5.13123289141753
9306.21,4.975647112881002
9389.07,0.89037320241001
9665.7,2.9462981956679526
9721.91,0.5815409127119517
9787.65,0.6762045729697126
9516.51,2.770225743666758
9062.47,4.77107679180709
9171.96,1.2081695166990873
9183.46,0.1253821429661708
8718.77,5.060075396419201
8903.56,2.119450335311048
8840.91,0.7036511238201308
9210.0,4.174796485882111
9577.38,3.988925081433216
9421.04,1.632387980846519
9705.1,3.0151660538539216
9446.19,2.6677726143986136
10203.64,8.01857680186402
9525.73,6.64380554390394
9668.99,1.5039267331742578
9791.92,1.2713840845838118
9619.99,1.7558354234920248
9669.85,0.5182957570642026
9750.04,0.8292786341049809
9783.0,0.33804989517990824
9776.84,0.06296637023407804
9894.32,1.2016152458258453
9264.26,6.36789592412616
9463.07,2.145988994263972
9473.46,0.10979523558421757
9329.99,1.5144413973352857
9435.15,1.127118035496285
9530.3,1.0084630345039522
9461.29,0.7241115180004659
9374.78,0.9143573445058784
9304.32,0.7515909706681217
9355.46,0.5496371577933629
9283.03,0.7742003065589343
9683.12,4.309907433241087
9622.81,0.6228364411470818
9286.06,3.499497548013522
9239.48,0.5016120938266598
9158.26,0.8790537995644707
9009.3,1.6265098392052744
9118.01,1.206642025462588
9188.88,0.7772529312865305
9132.96,0.6085616527803179
9233.38,1.099533995550184
9092.92,1.521219748347833
9063.08,0.32816740936904915
9138.52,0.8323881064715364
9076.82,0.6751640309371838
9348.22,2.9900339546228705
9257.16,0.9740891848929475
9437.16,1.9444408436280676
9234.9,2.1432295309182026
9283.53,0.5265893512653198
9238.3,0.4872069137494183
9306.17,0.7346589740536766
9233.1,0.7851780055597491
9251.59,0.20025776824684866
9190.07,0.6649667786834526
9132.87,0.6224109283171827
9156.5,0.2587357533831008
9177.43,0.22858078960301745
9211.99,0.3765760131104186
9162.43,0.5379945049875162
9391.25,2.49737242194483
9539.51,1.5787035804605374
9617.2,0.8144024168956321
9547.91,0.7204799733810348
9710.98,1.7079130406549674
9944.65,2.406245301710024
11046.19,11.076709587567194
10939.27,0.9679355506287695
11111.17,1.5714028449795976
11112.12,0.008549954685246716
11356.74,2.2013801146855774
11817.49,4.057062149877518
11071.66,6.311238680972016
11236.39,1.487852770045319
11192.42,0.39131785208593994
11755.24,5.0285818437835585
11770.08,0.12624157397041783
11600.85,1.4377982137759435
11776.9,1.5175612131869585
11683.03,0.7970688381492498
11895.12,1.8153681022816868
11392.64,4.224253307238611
11565.35,1.5159787371496067
11793.26,1.97062778039575
11779.77,0.1143873704132681
11852.2,0.6148676926629323
11914.02,0.5215909282664797
12298.38,3.2261151147975142
11958.1,2.766868481865082
11757.55,1.677105894749175
11859.37,0.86599674251865
11531.74,2.762625670672228
11667.7,1.1790068107675074
11644.65,0.19755393093755488
11761.8,1.006041400986716
11328.88,3.680729140097605
11469.3,1.2394870454978788
11330.0,1.214546659342761
11536.58,1.8233009708737857
11471.71,0.5622983587857129
11708.97,2.0682182516817478
11655.0,0.46092867263302706
11923.96,2.3076791076791006
11398.44,4.407260675144823
10160.0,10.864995560796043
10456.32,2.9165354330708633
10167.19,2.765121954951639
10260.17,0.914510302256568
10377.14,1.1400395899872942
10123.96,2.439785914037975
10232.8,1.075073390254408
10342.59,1.072922367289509
10393.04,0.48778884205987794
10443.33,0.4838815207100045
10334.78,1.0394194189018184
10675.15,3.2934421439062946
10783.83,1.0180653199252498
10951.54,1.5551988486465471
10940.47,0.10108167435814075
10931.2,0.08473127754108022
11077.22,1.3358094262294955
10923.5,1.387712801587396
10411.29,4.6890648601638585
10534.31,1.1816018956344372
10233.42,2.856285793753928
10744.02,4.989534290589074
10689.81,0.5045597457934827
10729.09,0.36745274237802783
10780.66,0.48065586177392217
10689.48,0.8457738208977956
10836.42,1.3746225260723677
10778.22,0.5370777433875831
10622.71,1.442817088535957
10578.54,0.4158072657542027
10553.66,0.2351931362929196
10669.63,1.0988604901048484
10795.0,1.1750173155020447
10606.33,1.7477535896248269
10669.14,0.592193529712912
10925.2,2.400005998609085
11052.0,1.1606194852268084
11301.2,2.2547955121245087
11372.93,0.6347113580858631
11535.98,1.4336674893804786
11427.98,0.9362013457027492
11428.84,0.0075253894389085575
11511.11,0.7198455836287886
11321.86,1.6440638652571296
11365.8,0.388098775289561
11519.97,1.3564377342553984
11764.14,2.119536769627005
11921.11,1.334309180271581
12802.67,7.394948960289767
12983.26,1.4105651399278443
12941.59,0.3209517486363215
13122.73,1.3996734558891095
13039.09,0.6373673770625428
13066.73,0.21197798312611857
13647.9,4.447708034068203
13274.73,2.734266810278505
13468.44,1.4592387189796023
13562.13,0.6956262195176182
13816.08,1.8724934800064645
13762.0,0.39142795930538854
13563.72,1.4407789565470184
14041.58,3.523074790691644
14160.59,0.8475541926193507
15605.04,10.200493058551944
15598.09,0.04453689320886539
14838.97,4.866749711022316
15489.15,4.381570958092107
15332.04,1.0143229292762919
15313.65,0.11994489970024365
15707.89,2.5744352260891414
16300.0,3.7695069165877824
16335.58,0.21828220858895658
16086.34,1.5257493152982617
15975.49,0.68909397662862
16724.62,4.6892458384688
17680.63,5.716183686086752
17785.95,0.5956801313075365
17825.47,0.2221978584219591
18687.65,4.836786912210451
18725.0,0.19986461647129813
18435.2,1.5476635514018653
18383.35,0.281255424405497
19160.85,4.229370598938713
18732.43,2.2359133336986527
17160.09,8.393678769919333
17154.39,0.033216609003803174
17741.79,3.424196371890819
18192.03,2.537737173081171
19700.19,8.290223795805087
18771.43,4.714472296967687
19226.55,2.4245355841297065
19448.4,1.1538731597712653
18673.76,3.983052590444473
19162.16,2.615434706240208
19380.58,1.139850622268063
19173.5,1.0684922742250322
18316.43,4.4700758859884715
18556.64,1.3114455164024819
18250.3,1.6508376516438328
18040.02,1.1522002378043037
18815.63,4.299385477399696
19162.36,1.8427764576578065
19274.33,0.5843225990953158
19434.87,0.8329212999881045
21365.7,9.93487478948921
22814.24,6.779745105472794
23136.14,1.4109608735596617
23842.99,3.055176879116405
23470.85,1.560794178918009
22732.01,3.1479047414132855
23835.1,4.8525845272811345
23247.71,2.464390751454785
23726.28,2.058568349312684
24705.15,4.125678361715375
26466.28,7.128594645246021
26259.6,0.780918209888206
27037.91,2.9639065332297574
27370.0,1.2282384252333118
28881.3,5.5217391304347805
28992.79,0.3860283297497052
29402.64,1.4136273190679425
32216.53,9.570195057314578
33097.83,2.735552214965432
32005.88,3.2991588874557656
34039.05,6.352488980149904
36849.94,8.257839158260877
39510.49,7.219957481613255
40667.07,2.9272732380691857
40239.06,1.0524731680939936
38173.73,5.132649718954654
35455.58,7.120472639168353
34035.02,4.006590782043348
37393.49,9.867689221278559
39134.35,4.65551624092857
36756.57,6.075940957240887
36000.0,2.0583258992882083
35819.25,0.5020833333333333
36616.95,2.2270148034925272
35917.62,1.9098532237119543
35496.91,1.1713192577904636
30818.18,13.180668401841181
32992.06,7.053888321763314
32117.49,2.6508499317714507
32288.83,0.5334787992461432
32261.22,0.08550944707504292
32504.53,0.7541872254056036
30424.62,6.3988311783003775
33484.87,10.058465808282909
34249.64,2.283927039286689
34323.0,0.21419203238340778
33141.38,3.4426477871980965
33532.74,1.1808802168165617
35522.16,5.932768989351915
37691.63,6.107370722951514
36996.32,1.8447331675493943
38320.0,3.57786936646672
39282.1,2.5106993736951946
38858.39,1.0786337797622814
46416.45,19.450265438171776
46505.2,0.1912037650445047
44854.63,3.549216001651428
47981.48,6.971075226793769
47395.84,1.2205542638534839
47228.48,0.3531111591228119
48662.5,3.0363458658843068
47942.57,1.4794348831235558
49166.53,2.5529711903220855
52174.28,6.1174746316243995
51579.54,1.1399103159641073
55988.58,8.548040560268666
55936.04,0.09384056534386276
57492.91,2.7833039307037155
54173.65,5.773337964629032
48887.93,9.756994405951973
49754.0,1.7715415645538677
47088.58,5.357197411263413
46314.83,1.6431797263795171
46109.98,0.4422989353518053
45240.96,1.8846679178780905
49629.33,9.699993103594624
48516.35,2.2425851809806883
50379.68,3.8406228003549354
48360.5,4.007925417549298
48739.21,0.7830977760775822
48904.63,0.33939819705735536
50967.3,4.217739710943535
52427.8,2.8655628216523144
54929.02,4.770789542952391
55852.29,1.6808419301855453
57772.09,3.437280727433013
57271.04,0.8672873008402425
61165.19,6.799509839527973
59016.39,3.5131093355550815
55644.37,5.713700888854769
56908.34,2.2715146204368812
58901.8,3.5029312048111167
57648.05,2.1285427610022105
58072.0,0.7354108248240783
58138.39,0.11432359829177473
57381.79,1.301377626728223
54070.92,5.769896686736336
54361.57,0.5375347783984469
52287.52,3.815287159660773
51326.11,1.8386987946645708
55081.37,7.316471090445003
55839.42,1.3762366477086456
55790.92,0.0868562030193007
57600.1,3.2427857436299674
58760.59,2.014736085527626
58782.58,0.03742304153175664
58728.53,0.0919490093833971
59003.6,0.4683754216221651
57064.42,3.286545227748816
58212.18,2.0113408670411475
59125.0,1.5680910764723117
58018.3,1.8717970401691282
55932.83,3.5945038031104
58096.6,3.8685151457560734
58109.56,0.022307673770924852
59766.93,2.852146875660395
59979.26,0.35526335383129387
59831.66,0.24608506340358074
63564.48,6.238870858672482
62986.09,0.909926424317491
63239.19,0.40183475430846055
61436.24,2.8510010959975993
60032.29,2.285214720171673
56280.6,6.249453419151597
55694.55,1.041300199358208
56503.19,1.4519194427461921
53806.24,4.773093342163521
51683.95,3.94431946926602
51176.65,0.9815426259022301
50118.94,2.066782409555919
49128.43,1.9763187329979486
54073.41,10.06541426216959
55091.39,1.8825888731633458
54901.97,0.3438286817595241
53593.97,2.3824281715209854
57775.27,7.801810539506581
57851.91,0.132651911449322
56622.66,2.1248218079575936
57222.37,1.0591342759241602
53236.84,6.964985896250026
57509.93,8.026565814199348
56447.39,1.847576583730846
57381.73,1.6552403928684813
58984.75,2.7936069546874878
58305.24,1.1520096296076563
55880.72,4.158322648187362
56763.7,1.5801156463266686
49386.56,12.996228223318775
49694.96,0.6244613919252555
49880.43,0.3732169217964984
46708.89,6.358285203235018
46444.75,0.5655026270159693
43593.39,6.139251476216366
42877.75,1.6416250261794263
36780.43,14.220242433429926
40640.9,10.495989307357204
37335.16,8.1340226225305
37500.54,0.442960469434167
34706.79,7.44989272154481
38839.86,11.90853432426335
38397.72,1.13836661615155
39309.56,2.3747243325905716
38503.47,2.0506207650250894
35692.46,7.300666667186105
34632.08,2.970879563919095
35677.72,3.0192815447411743
37341.41,4.6631062747283245
36693.3,1.7356334428721372
37589.36,2.4420262009685625
39219.88,4.337716843276919
36887.32,5.947391985901023
35532.14,3.673836971620601
35808.85,0.7787597369592688
33582.62,6.216982673277684
33411.69,0.5089835158781544
37400.0,11.936869999691718
36707.54,1.8514973262032064
37341.11,1.7259941690453777
35542.76,4.816005737376309
39013.76,9.765701931982772
40532.79,3.8935749848258636
40171.47,0.8914264229035299
38353.99,4.524305433682171
38097.68,0.6682746697279675
35840.0,5.926030141467932
35507.06,0.9289620535714351
35589.77,0.23293959004209058
31634.16,11.114457890567984
32545.26,2.8801144079691023
33652.28,3.40147843341857
34649.32,2.962771021755438
31597.75,8.807012662874769
32269.38,2.125562737853173
34699.5,7.530730370400668
34487.11,0.6120837476044307
35907.93,4.119858115104455
35037.23,2.4248125692569777
33564.21,4.2041565500469185
33811.56,0.7369456930462495
34688.3,2.5930184824362
35289.21,1.7323132007045494
33704.21,4.491457870550233
34244.09,1.6018176957715295
33882.47,1.0560070365426424
32898.79,2.9032121920273233
33826.43,2.8196781705345377
33517.6,0.9129843143364574
34258.53,2.2105699692102068
33105.0,3.367132214954929
32728.0,1.138800785379852
32823.55,0.291951845514553
31848.65,2.9701235850479346
31388.17,1.4458383636355174
31529.68,0.4508386439859413
31776.65,0.7832937092923277
30829.29,2.981308602385716
29786.58,3.382205688162131
32138.45,7.895736939252505
32300.88,0.5054070747033547
33684.17,4.282514903618717
34301.78,1.8335318934680611
35428.28,3.284086131973326
37291.24,5.258398093274637
39475.41,5.857059191381155
40036.32,1.420909877820132
40037.51,0.0029723011505611114
42234.89,5.488303343539589
41490.13,1.763376203892095
39839.0,3.9795729731384246
39165.55,1.6904289766309322
38177.07,2.5238506799981186
39741.12,4.0968308987567745
40894.67,2.9026610221352485
42856.59,4.797495614954219
44612.94,4.098202866816996
43858.42,1.6912581865261604
46292.89,5.55074715413825
45609.7,1.4757989833860068
45539.85,0.1531472471864506
44444.45,2.405365849909478
47860.58,7.686291539213569
47119.73,1.5479336021418848
47028.3,0.19403761439210346
45930.51,2.3343178469134562
44694.35,2.691370071875978
44721.13,0.059918088080481845
46764.3,4.568690460191873
49356.0,5.542048100794831
48884.34,0.9556284950158107
49301.86,0.854097651722421
49561.37,0.5263695933581451
47731.33,3.692472584999165
49011.75,2.682556719035481
46856.29,4.397843374292897
49100.49,4.789538394951878
48935.36,0.336310289367779
48808.72,0.25879037162493423
47003.44,3.698683350024337
47156.09,0.3247634641209115
48853.49,3.5995350759573186
49274.79,0.8623744178768047
50025.04,1.522583860834313
49943.16,0.16367803004254947
51809.28,3.7364876391481743
52708.2,1.735055959086863
46866.82,11.08248811380392
46091.94,1.6533658566977607
46392.81,0.6527605477226502
44857.38,3.309629229184437
45176.66,0.7117669377926356
46035.0,1.899963388174328
44974.34,2.3040295427392277
47103.18,4.733454676600044
48150.94,2.224393342445249
47760.64,0.8105760759810772
47305.18,0.9536304371130687
48326.74,2.1595098042117113
47245.25,2.2378707936848174
43035.99,8.9093824246882
40596.54,5.668395219907796
43589.53,7.372524850639975
44903.5,3.0144165353469083
42848.5,4.5764806752257625
42722.19,0.2947827811942021
43204.73,1.1294832966193935
42189.81,2.3490946477388133
41049.0,2.7039941635195746
41542.9,1.2031961801749165
43834.43,5.5160568954021
48171.86,9.895030002671417
47685.8,1.0090123154887474
48235.93,1.153655805292136
49242.14,2.0860176221335407
51501.19,4.587635712014147
55345.79,7.4650702245909235
53787.6,2.8153722261440346
53957.21,0.31533290200715514
54976.92,1.8898493825014289
54714.95,0.47650905143467687
57485.2,5.063058633883427
55995.49,2.591467021076728
57374.55,2.4628054866561664
57371.58,0.005176511188325074
61657.35,7.470196916312914
60870.26,1.276555025475465
61538.97,1.098582460465914
62034.65,0.8054733447764892
64241.61,3.5576246500947444
65990.31,2.7220675197897393
62219.44,5.7142783538977096
60702.68,2.4377590026525504
61338.76,1.0478614782741087
60910.16,0.6987425243027386
63101.43,3.597544317729582
60328.22,4.394844934575967
58465.9,3.0869798578509355
60592.76,3.637778602570046
62301.59,2.820188418550326
61932.3,0.5927457068110037
61359.44,0.924977757971205
60922.85,0.7115286580190493
63260.0,3.836245349651242
62930.72,0.5205184950995871
61457.25,2.3414160842272285
61031.91,0.6920908436352041
61542.44,0.8364968423894956
63300.0,2.8558503692736226
67559.0,6.728278041074249
66945.72,0.9077695051732542
64921.43,3.0237780697556182
64821.33,0.15418637574680433
64158.41,1.022688056539411
64417.52,0.40385975899339355
65509.87,1.6957343281765673
63606.09,2.9060964401242226
60142.31,5.445673519626814
60373.65,0.3846543307032999
56917.66,5.724335036891091
58128.55,2.1274416411356323
59768.54,2.821315859418475
58678.47,1.823819019169616
56294.11,4.063432465093245
57579.99,2.2842176561633134
57185.06,0.6858806331852443
58990.14,3.156558723554722
53789.35,8.81637168516637
54774.66,1.8317938402304637
57338.55,4.6807958278517825
57845.12,0.8834719399077926
56974.12,1.5057449962935507
57251.59,0.4870105935817769
56547.96,1.2290139016226405
53743.69,4.959100204498972
49234.97,8.38930114400407
49463.22,0.4635932549567919
50555.0,2.2072562198740777
50627.32,0.1430521214518835
50543.3,0.16595782672279868
47593.12,5.836935854999575
47142.42,0.946985614727516
49400.54,4.789995931477431
50124.38,1.4652471410231478
46725.02,6.781849471255306
48389.96,3.5632729531201965
48876.84,1.0061591288771419
47663.42,2.4826073044001995
46210.92,3.0474103620764104
46881.87,1.4519295439259905
46704.67,0.37797127119716933
46915.0,0.45034040493167327
48929.86,4.294703186614091
48618.99,0.635338012412058
50850.0,4.588762539081956
50841.48,0.016755162241881612
50442.22,0.7853036536308582
50791.21,0.6918609054082036
50718.11,0.14392254092784665
47543.3,6.259716696856405
46483.36,2.2294203389331457
47150.71,1.4356750458658722
46214.37,1.9858449639464526
47777.42,3.38217312061161
47350.22,0.894146230583395
46439.89,1.922546505591741
45820.0,1.3348222831707814
43435.8,5.203404626800517
43097.6,0.7786204006833174
41535.66,3.6241925304425187
41690.77,0.37343814929146013
41875.81,0.4438392478718932
41845.42,0.07257173055279269
42736.0,2.1282615875285797
43933.5,2.802087233245975
42571.94,3.0991384706431258
43102.35,1.245914562502898
43102.01,0.0007888200991280233
43107.7,0.013201240498981491
42255.07,1.977906499302903
42377.4,0.2895037210919346
41683.21,1.6381137115538051
40736.05,2.2722818132288665
36495.46,10.409919469364368
35091.11,3.848012876122122
36293.62,3.426822349022308
36724.99,1.1885560051601227
36975.91,0.6832404855658383
36829.32,0.3964473085314297
37208.36,1.029180012012171
37748.36,1.4512867538370409
38192.65,1.1769782846195196
37941.82,0.6567494007354864
38491.92,1.449851377714613
38733.04,0.6264171805407541
36923.5,4.67182539764501
37320.11,1.0741397754817408
41579.57,11.413310410928583
41427.72,0.3652033919542664
42420.24,2.395787168591457
43869.04,3.4153507853798164
44091.56,0.5072369944726322
44426.84,0.7604176400199921
43524.6,2.030844417473757
42406.19,2.5696043157202966
42241.11,0.3892827910265028
42077.74,0.3867559351541724
42540.3,1.0992985840019092
44582.48,4.800577334903609
43901.48,1.5275058722619288
40556.11,7.620175902953619
39996.99,1.3786332071789
40109.02,0.28009607722980867
38373.9,4.326009461213451
37076.6,3.380683224796028
38269.94,3.2185799129370114
37274.18,2.6019377088127182
38376.88,2.958348111212633
39231.64,2.227278507267923
39146.66,0.21661087836245418
37712.68,3.663096672870695
43178.98,14.494594391064233
44443.96,2.9296199215451497
43936.72,1.1413024401965934
42476.26,3.32400780030917
39175.56,7.770693559178714
39416.79,0.615766564664304
38438.89,2.4809224698409014
38016.47,1.098939121290959
38753.65,1.9391069186592031
41960.02,8.27372389439445
39444.45,5.995159201544709
38729.79,1.8118138293219863
38822.02,0.2381371032479028
37790.54,2.656945723071587
39665.71,4.962009010720668
39302.7,0.9151733323316336
41142.76,4.681764866027029
40963.22,0.43638297479313704
41794.37,2.0290152971372892
42235.31,1.0550224826932313
41242.14,2.3515158288171634
41043.14,0.48251618368978916
42393.41,3.28987986786587
42925.41,1.254912025241659
44025.99,2.5639359064945317
44320.6,0.6691729135449324
44535.65,0.4852145503445416
46864.39,5.228934572640116
47152.38,0.6145177607134072
47459.03,0.6503383286273174
47068.08,0.823763148972908
45517.27,3.2948231582847756
46307.81,1.7367913321690889
45820.28,1.052802972112045
46401.57,1.2686303968461146
46598.2,0.4237572133873862
45502.73,2.3508847981252363
43191.59,5.079123823999146
43454.53,0.6087759214235975
42290.11,2.6796285680687335
42767.89,1.1297676927300468
42133.85,1.4825141011165173
39524.86,6.192147169081387
40097.46,1.4487084837239108
41147.74,2.6193180316159648
39961.53,2.8828071723987736
40563.18,1.5055729848181525
40395.67,0.41296071954911334
39691.27,1.7437512485867952
40814.6,2.8301689515099966
41505.77,1.693438132432998
41375.85,0.3130167203258686
40470.76,2.187483761662894
39726.03,1.840168062077419
39421.59,0.7663489153081804
39467.4,0.11620535853577939
40441.11,2.4671247662627867
38137.67,5.695788270895637
39256.05,2.932481192479784
39754.2,1.268976374342284
38593.42,2.9198927408927835
37639.8,2.470939346655454
38488.34,2.2543690455315746
38521.01,0.08488285023465687
37729.95,2.0535806304144284
39685.23,5.182302123379453
36533.93,7.940737649750304
36019.22,1.4088547276463252
35463.46,1.5429540117748304
34025.5,4.05476510188233
30082.0,11.589837033989214
30999.97,3.0515590718702255
29000.0,6.45152237244101
28896.19,0.3579655172413838
29238.81,1.1856926466776507
30033.96,2.7195019222738472
31295.03,4.19881360966053
29832.45,4.6735216422543715
30425.36,1.9874666680074882
28681.26,5.732389033359021
30290.33,5.610178911247286
29176.7,3.6765198662411436
29421.05,0.8374833343044228
30264.66,2.867368771678783
29081.76,3.908519044985146
29632.15,1.8925608353827383
29510.15,0.4117149784946417
29183.06,1.1083982968571835
28589.48,2.0339882109689724
29010.82,1.47375887914016
29448.94,1.510195161667264
31731.22,7.749956365152711
31762.76,0.09939737583363399
29787.4,6.219106903808098
30437.18,2.1813921322438303
29669.39,2.522539867359594
29853.51,0.6205722463454726
29888.98,0.11881349965213862
31351.21,4.892204417815528
31115.82,0.7508163161804582
30185.58,2.989604644839821
30089.03,0.319854712084389
29065.66,3.4011398838712945
28390.94,2.321364799560723
26585.1,6.3606206768779066
22450.43,15.55258396620663
22097.3,1.5729320106563707
22555.27,2.072515646707974
20382.88,9.631407648855452
20440.7,0.2836694323863934
18956.8,7.259536121561401
20552.82,8.419247974341664
20555.44,0.012747642415974944
20712.29,0.7630583436793481
19963.68,3.6143275321077515
21093.42,5.658976701690259
21215.42,0.5783794187950555
21486.8,1.2791639288781511
21028.69,2.1320531675261116
20699.72,1.5643865595051216
20261.34,2.117806424434731
20093.18,0.8299549782985718
19924.89,0.8375478644993021
19239.47,3.4400189913219004
19228.25,0.05831761477837573
19294.46,0.3443371081611646
20209.53,4.742656700420741
20168.63,0.20237976835679908
20547.45,1.8782634219577616
21643.56,5.3345305621865515
21584.14,0.27453893906548593
21588.35,0.01950506251348966
20856.08,3.3919683533016505
19949.71,4.34583104782875
19321.14,3.1507726177473243
20232.35,4.716129586556483
20577.23,1.7045968461399739
20835.39,1.2545906324612197
21195.49,1.728309381297889
20801.85,1.857187543199063
22435.04,7.8511766982263715
23405.02,4.323504660566683
23208.53,0.8395207523856061
23163.34,0.1947128921995434
22682.26,2.0769025537767947
22468.69,0.9415728415069738
22595.81,0.5657650713059045
21306.56,5.705703845093405
21259.78,0.21955679377620071
22969.04,8.039876235784199
23853.11,3.8489636484589673
23785.31,0.2842396651841176
23644.58,0.5916677142320178
23322.53,1.3620457627075757
23282.92,0.16983577682181386
23001.52,1.2086112910236253
22835.88,0.7201263220865378
22615.24,0.966198806439688
23326.4,3.1446051423730186
22956.61,1.5852853419301771
23187.62,1.0062896917271251
23821.68,2.7344764145695044
23164.78,2.7575720939916977
23964.0,3.450151479962258
23959.0,0.020864630278751458
24407.0,1.8698610125631288
24456.0,0.2007620764534765
24320.0,0.5561007523716062
24110.0,0.8634868421052633
23867.0,1.0078805474906678
23340.0,2.208069719696652
23201.0,0.5955441302485005
20841.0,10.171975345890264
21146.0,1.463461446187803
21514.0,1.7402818499952708
21411.0,0.4787580180347681
21520.0,0.5090841156414927
21372.0,0.6877323420074349
21571.0,0.9311248362343252
20250.0,6.123962727736313
20045.0,1.0123456790123457
19557.0,2.434522324769269
20302.0,3.8093777164186737
19819.0,2.3790759531080683
20059.0,1.2109591805842879
20128.0,0.34398524353158183
19959.0,0.8396263910969793
19840.0,0.5962222556240292
20007.0,0.8417338709677419
19794.0,1.064627380416854
18789.0,5.07729615034859
19276.0,2.5919420937782744
19322.0,0.23863872172649928
21371.0,10.604492288582962
21672.0,1.4084507042253522
21835.0,0.7521225544481359
22401.0,2.59216853675292
20177.0,9.928128208562118
20233.0,0.27754373791941317
19691.0,2.6787920723570404
19802.0,0.5637093088212889
20114.0,1.5755984244015757
19419.0,3.455304762851745
19538.0,0.6128018950512385
18878.0,3.3780325519500463
18466.0,2.182434579934315
19403.0,5.074190403985703
19294.0,0.5617687986393857
18921.0,1.933243495387167
18810.0,0.5866497542413192
19226.0,2.2115895800106324
19075.0,0.7853947779049204
19413.0,1.7719528178243775
19592.0,0.9220625354144131
19425.0,0.8523887300939158
19312.0,0.5817245817245817
19051.0,1.3514913007456504
19636.0,3.070704949871398
20343.0,3.6005296394377675
20162.0,0.8897409428304576
19951.0,1.046523162384684
19532.0,2.1001453561225
19420.0,0.5734179807495392
19445.0,0.12873326467559218
19131.0,1.614811005399846
19059.0,0.37635251685745646
19157.0,0.5141927698200325
19377.0,1.1484052826643003
19181.0,1.0115084894462507
19066.0,0.5995516396433971
19264.0,1.03849784957516
19547.0,1.46906146179402
19334.0,1.0896812810149896
19126.0,1.075824971552705
19043.0,0.43396423716406984
19165.0,0.6406553589245392
19206.0,0.213931646230107
19574.0,1.9160678954493386
19332.0,1.2363339123326862
20087.0,3.905441754603766
20775.0,3.4251008114701054
20296.0,2.305655836341757
20599.0,1.492905005912495
20821.0,1.0777222195252196
20628.0,0.9269487536621679
20498.0,0.6302113631956564
20480.0,0.08781344521416723
20154.0,1.591796875
20209.0,0.2728986801627469
21153.0,4.671186105200653
21301.0,0.6996643502103721
20907.0,1.8496784188535749
20590.0,1.516238580379777
18550.0,9.907722195240408
15877.0,14.409703504043126
17551.0,10.543553568054419
17007.0,3.0995384878354506
16788.0,1.2877050626212736
16310.0,2.84727186085299
16589.0,1.7106069895769467
16874.0,1.7180059075290854
16654.0,1.303780964797914
16686.0,0.19214603098354752
16683.0,0.017979144192736426
16690.0,0.04195888029730864
16256.0,2.6003594967046135
15766.0,3.014271653543307
16197.0,2.7337308131422047
16603.0,2.5066370315490523
16591.0,0.07227609468168403
16508.0,0.500271231390513
16454.0,0.3271141264841289
16424.0,0.1823264859608606
16210.0,1.3029712615684366
16434.0,1.3818630475015423
17170.0,4.478520141170743
16977.0,1.1240535818287711
17095.0,0.6950580196736762
16886.0,1.222579701667154
17114.0,1.350230960559043
16968.0,0.8531027229169102
17087.0,0.7013201320132013
16836.0,1.4689530052086381
17229.0,2.3342836778332146
17128.0,0.5862209066109467
17128.0,0.0
17091.0,0.21602055114432506
17209.0,0.6904218594581943
17772.0,3.271543959556046
17803.0,0.1744316902993473
17362.0,2.4771105993371902
16633.0,4.198825020158968
16781.0,0.8897973907292731
16749.0,0.19069185388236695
16446.0,1.8090632276553824
16898.0,2.7483886659370063
16824.0,0.4379216475322524
16821.0,0.01783166904422254
16779.0,0.24968789013732834
16839.0,0.3575898444484177
16828.0,0.06532454421283924
16917.0,0.5288804373662943
16700.0,1.2827333451557605
16540.0,0.9580838323353293
16628.0,0.532043530834341
16603.0,0.15034880923743082
16528.0,0.4517255917605252
16615.0,0.526379477250726
16673.0,0.3490821546795065
16670.0,0.01799316259821268
16849.0,1.0737852429514096
16826.0,0.1365066176034186
16950.0,0.736954712944253
16945.0,0.029498525073746312
17119.0,1.026851578636766
17179.0,0.35048776213563876
17446.0,1.5542231794632984
17930.0,2.7742749054224465
18853.0,5.147796988287786
19931.0,5.717922876995703
20960.0,5.162811700366263
20885.0,0.35782442748091603
21189.0,1.4555901364615753
21134.0,0.2595686441077918
20670.0,2.195514337087158
21086.0,2.0125786163522013
22678.0,7.55003319738215
22783.0,0.4630037922215363
22717.0,0.28968968090242725
22922.0,0.9024078883655412
22637.0,1.2433470028793299
23054.0,1.8421168882802492
23010.0,0.19085625054220526
23083.0,0.3172533681008257
23033.0,0.2166096261317853
23746.0,3.095558546433378
22831.0,3.853280552514108
23127.0,1.296482852262275
23735.0,2.628961819518312
23498.0,0.9985253844533389
23434.0,0.2723636054132267
23330.0,0.4437996074080396
22937.0,1.6845263609087013
22763.0,0.7585996424990191
23252.0,2.14822299345429
22961.0,1.2515052468604853
21802.0,5.047689560559209
21639.0,0.7476378313916154
21868.0,1.058274411941402
21789.0,0.36125845985000915
21790.0,0.004589471751801368
22211.0,1.9320789352914183
24332.0,9.549322407815946
23521.0,3.3330593457175732
24580.0,4.502359593554696
24640.0,0.24410089503661514
24296.0,1.396103896103896
24843.0,2.2513994073098456
24450.0,1.581934548967516
24188.0,1.0715746421267893
23939.0,1.0294360840085992
23189.0,3.1329629474915413
23161.0,0.12074690586053732
23562.0,1.7313587496222096
23493.0,0.2928444104914693
23136.0,1.5196015834503895
23634.0,2.1524896265560165
23466.0,0.7108403148007109
22359.0,4.717463564305804
22347.0,0.053669663222863276
22428.0,0.3624647603705195
22407.0,0.09363295880149813
22200.0,0.9238184495916455
21704.0,2.2342342342342345
20367.0,6.16015481017324
20220.0,0.7217557814111062
20618.0,1.9683481701285854
22183.0,7.590454942283442
24209.0,9.133119956723618
24750.0,2.2347061010368043
24368.0,1.5434343434343434
25050.0,2.798752462245568
27466.0,9.644710578842314
26980.0,1.769460423796694
28054.0,3.9807264640474425
27815.0,0.8519284237541884
28192.0,1.3553837857271256
27320.0,3.0930760499432464
28343.0,3.744509516837482
27493.0,2.998976819673288
27499.0,0.021823736951223947
28004.0,1.8364304156514781
27142.0,3.0781316954720754
27272.0,0.478962493552428
28353.0,3.963772367263127
28039.0,1.1074665820195393
28476.0,1.5585434573272943
28469.0,0.024582104228121928
28186.0,0.9940637184305736
27816.0,1.312708436812602
28178.0,1.3014092608570607
28183.0,0.017744339555681738
28051.0,0.46836745555831527
27931.0,0.42779223557092444
27969.0,0.13604955067845764
28340.0,1.3264685902248918
29652.0,4.629498941425547
30246.0,2.0032375556454878
29903.0,1.1340342524631355
30410.0,1.695482058656322
30498.0,0.28937849391647485
30332.0,0.5442979867532297
30330.0,0.0065936964262165365
29448.0,2.908011869436202
30395.0,3.215838087476229
28827.0,5.158743214344465
28238.0,2.043223366982343
27254.0,3.4846660528366034
27817.0,2.065751816247156
27596.0,0.794478196786138
27512.0,0.30439194086099436
28300.0,2.864204710671707
28428.0,0.45229681978798586
29485.0,3.7181651892500356
29333.0,0.5155163642530101
29247.0,0.2931851498312481
29235.0,0.04102984921530413
28079.0,3.9541645288181972
28680.0,2.1403896150147794
29033.0,1.2308228730822874
28851.0,0.6268728688044639
29547.0,2.4123947176874285
28911.0,2.152502792161641
28472.0,1.5184531839092388
27690.0,2.7465580219162686
27650.0,0.1444564824846515
27618.0,0.11573236889692587
26991.0,2.2702585270475777
26811.0,0.6668889629876625
26789.0,0.08205587258960875
26933.0,0.5375340624883348
27166.0,0.8651097167044146
27037.0,0.47485827873076636
27404.0,1.3573991197248214
26818.0,2.138373960005839
26893.0,0.2796629129689015
27115.0,0.8254936228758413
26750.0,1.3461183846579385
26856.0,0.3962616822429907
27226.0,1.377718200774501
26325.0,3.309336663483435
26478.0,0.5811965811965812
26718.0,0.9064128710627691
26872.0,0.5763904483868553
28072.0,4.465614766299494
27749.0,1.1506127101738386
27706.0,0.15496053911852678
27219.0,1.7577420053418034
26826.0,1.4438443734156288
27251.0,1.5842839036755387
27076.0,0.6421782686873876
27125.0,0.1809720785935884
25739.0,5.109677419354839
27236.0,5.81607677065931
26348.0,3.260390659421354
26510.0,0.6148474267496584
26484.0,0.09807619766125991
25857.0,2.3674671499773448
25941.0,0.32486367327996285
25906.0,0.13492155275432713
25934.0,0.10808306955917549
25127.0,3.111745199352202
25573.0,1.7749830859235087
26333.0,2.9718844093379735
26507.0,0.6607678578209851
26340.0,0.6300222582714
26842.0,1.90584662110858
28315.0,5.487668579092467
30009.0,5.982694684796044
29889.0,0.39988003598920324
30716.0,2.7669042122519993
30548.0,0.5469462169553327
30477.0,0.2324211077648291
30274.0,0.6660760573547265
30696.0,1.3939353901037195
30079.0,2.0100338806359135
30444.0,1.2134711925263473
30469.0,0.08211798712389962
30592.0,0.4036889953723456
30616.0,0.07845188284518828
31158.0,1.7703161745492553
30771.0,1.242056614673599
30501.0,0.8774495466510676
29912.0,1.9310842267466641
30348.0,1.4576089863599893
30293.0,0.1812310531171741
30167.0,0.41593767537054765
30421.0,0.8419796466337389
30621.0,0.6574405838072385
30382.0,0.7805101074426047
31471.0,3.5843591600289644
30331.0,3.622382510883035
30301.0,0.09890870726319606
30253.0,0.15841061351110525
30154.0,0.32724027369186526
29868.0,0.948464548650262
29919.0,0.17075130574527922
29806.0,0.3776864200006685
29908.0,0.3422129772529021
29789.0,0.3978868530159154
30085.0,0.9936553761455571
29177.0,3.0181153398703673
29224.0,0.1610857867498372
29354.0,0.4448398576512456
29219.0,0.45990324998296656
29317.0,0.33539819980149904
29360.0,0.14667257904969813
29279.0,0.27588555858310626
29231.0,0.16394002527408724
29696.0,1.590776914919093
29164.0,1.7914870689655173
29176.0,0.041146619119462345
29077.0,0.33931998903208116
29049.0,0.09629604154486364
29042.0,0.02409721505043203
29181.0,0.47861717512568
29764.0,1.9978753298379084
29565.0,0.6685929310576535
29423.0,0.48029764924742097
29398.0,0.08496754239880365
29415.0,0.057827063065514654
29284.0,0.4453510113887472
29408.0,0.423439420844147
29172.0,0.8025027203482046
28701.0,1.6145619086795557
26642.0,7.173966063900212
26051.0,2.2183019292845882
26097.0,0.1765767149053779
26192.0,0.3640265164578304
26125.0,0.25580329871716556
26042.0,0.31770334928229665
26431.0,1.4937408801167344
26168.0,0.9950436986871477
26048.0,0.45857535921736475
26008.0,0.15356265356265356
26090.0,0.31528760381421106
26103.0,0.04982752012265236
27726.0,6.217676129180554
27300.0,1.536463968837914
25932.0,5.010989010989011
25798.0,0.5167360789757828
25870.0,0.27909140243429725
25970.0,0.3865481252415926
25819.0,0.581440123219099
25783.0,0.1394322010922189
25748.0,0.1357483613233526
26245.0,1.9302470094764643
25908.0,1.2840541055439132
25899.0,0.03473830477072719
25836.0,0.24325263523688173
25155.0,2.6358569437993498
25844.0,2.739018087855297
26226.0,1.478099365423309
26529.0,1.1553420269961108
26607.0,0.2940178672396246
26571.0,0.13530273988048258
26535.0,0.13548605622671334
26770.0,0.8856227623892972
27214.0,1.6585730295106464
27128.0,0.3160138164180201
26563.0,2.0827189619581246
26581.0,0.06776343033542898
26583.0,0.007524171400624505
26248.0,1.260203889703946
26297.0,0.18668088997256935
26208.0,0.3384416473361981
26361.0,0.5837912087912088
27026.0,2.5226660597094193
26911.0,0.4255161696144453
