close,realized_absolute_vol,datetime
4377.22,1.181898666000941,2017-10-01
4391.48,0.3257775483069005,2017-10-02
4315.83,1.7226538661225748,2017-10-03
4219.53,2.231320510770818,2017-10-04
4301.09,1.932916699253244,2017-10-05
4362.95,1.4382400740277388,2017-10-06
4423.3,1.3832384052074942,2017-10-07
4597.98,3.949087785137779,2017-10-08
4764.7,3.6259400867337455,2017-10-09
4749.29,0.32342015237055544,2017-10-10
4822.01,1.531176238974673,2017-10-11
5445.0,12.919716052019794,2017-10-12
5653.6,3.8310376492194744,2017-10-13
5801.29,2.612317815197389,2017-10-14
5679.7,2.0959131503510453,2017-10-15
5745.72,1.1623853372537358,2017-10-16
5597.31,2.582966103464837,2017-10-17
5582.05,0.27263096022911393,2017-10-18
5698.69,2.0895549126216966,2017-10-19
5977.29,4.888842874415004,2017-10-20
6013.46,0.6051237266386619,2017-10-21
5969.0,0.7393414107685099,2017-10-22
5871.17,1.6389680013402568,2017-10-23
5523.4,5.923350882362467,2017-10-24
5735.88,3.8469058912988463,2017-10-25
5890.0,2.686946030949042,2017-10-26
5771.89,2.0052631578947313,2017-10-27
5730.69,0.7138043171301034,2017-10-28
6137.37,7.096527643268094,2017-10-29
6119.99,0.28318318758686717,2017-10-30
6434.21,5.134322114905421,2017-10-31
6741.59,4.777276464398895,2017-11-01
7030.0,4.278070900188232,2017-11-02
7146.82,1.6617354196301524,2017-11-03
7388.83,3.386261302229526,2017-11-04
7372.72,0.2180318128851208,2017-11-05
6967.68,5.493766208400698,2017-11-06
7130.28,2.333631854505365,2017-11-07
7450.32,4.488463286154261,2017-11-08
7148.0,4.057812281888559,2017-11-09
6588.18,7.831841074426409,2017-11-10
6355.13,3.5373957602858477,2017-11-11
5870.37,7.627853403470899,2017-11-12
6525.17,11.15432247030426,2017-11-13
6609.0,1.2847174862877124,2017-11-14
7294.0,10.36465425934332,2017-11-15
7846.96,7.5810255004112985,2017-11-16
7674.99,2.1915493388522465,2017-11-17
7771.03,1.2513371352926839,2017-11-18
8016.58,3.159812791869291,2017-11-19
8226.17,2.6144565388232905,2017-11-20
8095.23,1.5917492587680597,2017-11-21
8214.69,1.475683828625017,2017-11-22
7989.0,2.7473952151572427,2017-11-23
8199.19,2.6309926148454186,2017-11-24
8717.99,6.327454297314726,2017-11-25
9271.06,6.344008194549429,2017-11-26
9708.07,4.7137004830084175,2017-11-27
9868.82,1.655838905158286,2017-11-28
9824.68,0.4472672518092276,2017-11-29
9947.67,1.2518473884136663,2017-11-30
10840.45,8.974764944956966,2017-12-01
10872.0,0.29103957861527213,2017-12-02
11250.0,3.47682119205298,2017-12-03
11613.07,3.2272888888888867,2017-12-04
11677.0,0.5505004275355293,2017-12-05
13623.5,16.66952128115098,2017-12-06
16599.99,21.848203471941876,2017-12-07
15800.0,4.819219770614329,2017-12-08
14607.49,7.547531645569622,2017-12-09
14691.0,0.5716930150217472,2017-12-10
16470.0,12.109454768225444,2017-12-11
16650.01,1.0929568913175374,2017-12-12
16250.0,2.402461019542922,2017-12-13
16404.99,0.9537846153846252,2017-12-14
17471.5,6.501131667864462,2017-12-15
19187.78,9.823312251380814,2017-12-16
18953.0,1.2235912648571061,2017-12-17
18940.57,0.06558328496808047,2017-12-18
17700.0,6.549802883440147,2017-12-19
16466.98,6.966214689265539,2017-12-20
15600.01,5.264899817695773,2017-12-21
14009.79,10.19371141428755,2017-12-22
14619.0,4.348459184613039,2017-12-23
14157.87,3.1543197209111375,2017-12-24
13911.28,1.7417167977951495,2017-12-25
15764.44,13.321275971729415,2017-12-26
15364.93,2.5342479656746466,2017-12-27
14470.07,5.82404215313705,2017-12-28
14340.0,0.8988899155290867,2017-12-29
12640.0,11.85495118549512,2017-12-30
13880.0,9.81012658227848,2017-12-31
13443.41,3.1454610951008655,2018-01-01
14678.94,9.190599706473288,2018-01-02
15155.62,3.247373447946516,2018-01-03
15143.67,0.07884863832690928,2018-01-04
16928.0,11.782678835447417,2018-01-05
17149.67,1.309487240075604,2018-01-06
16124.02,5.980581550548774,2018-01-07
14999.99,6.9711523553059385,2018-01-08
14403.51,3.97653598435732,2018-01-09
14890.02,3.377718347819387,2018-01-10
13243.83,11.055660099852119,2018-01-11
13781.41,4.059097708140318,2018-01-12
14197.78,3.0212438349922164,2018-01-13
13647.99,3.8723659614390478,2018-01-14
13607.04,0.3000441823301373,2018-01-15
11386.34,16.3202283523823,2018-01-16
11191.35,1.7124905808187687,2018-01-17
11247.57,0.5023522631317879,2018-01-18
11552.0,2.706629076324933,2018-01-19
12775.99,10.595481301939056,2018-01-20
11558.87,9.52661985489969,2018-01-21
10808.99,6.487485368379444,2018-01-22
10851.82,0.39624423743568943,2018-01-23
11400.96,5.060349323892209,2018-01-24
11155.54,2.1526257437969982,2018-01-25
11092.95,0.5610665194154666,2018-01-26
11446.54,3.187520001442359,2018-01-27
11685.58,2.088316644156217,2018-01-28
11162.62,4.475259251145421,2018-01-29
9971.0,10.67509240662139,2018-01-30
10149.0,1.7851770133386822,2018-01-31
8998.99,11.33126416395704,2018-02-01
8838.83,1.7797552836484969,2018-02-02
9225.86,4.378746960853423,2018-02-03
8191.0,11.216948880646363,2018-02-04
6874.27,16.075326577951405,2018-02-05
7737.37,12.555514985591188,2018-02-06
7588.01,1.93037168960512,2018-02-07
8259.76,8.852782218262758,2018-02-08
8693.98,5.257053473708671,2018-02-09
8560.0,1.5410663470585344,2018-02-10
8067.0,5.759345794392523,2018-02-11
8899.0,10.31362340399157,2018-02-12
8522.99,4.225306214181371,2018-02-13
9490.98,11.357399222573296,2018-02-14
10018.0,5.552851233486958,2018-02-15
10196.0,1.7768017568376921,2018-02-16
11101.0,8.876029815613967,2018-02-17
10421.06,6.125033780740479,2018-02-18
11173.0,7.215580756660077,2018-02-19
11233.41,0.5406784211939484,2018-02-20
10449.4,6.9792698744192565,2018-02-21
9843.34,5.799950236377203,2018-02-22
10166.1,3.2789683176645346,2018-02-23
9689.99,4.683310217290805,2018-02-24
9590.04,1.0314768126695582,2018-02-25
10324.7,7.6606562642074465,2018-02-26
10566.3,2.3400195647331015,2018-02-27
10314.9,2.379262371880409,2018-02-28
10903.13,5.702721306071795,2018-03-01
11029.99,1.163519099561324,2018-03-02
11445.0,3.762560074850478,2018-03-03
11463.27,0.1596330275229396,2018-03-04
11419.24,0.38409633551334527,2018-03-05
10723.76,6.090422830240888,2018-03-06
9913.03,7.560128164002173,2018-03-07
9285.32,6.3321708902323595,2018-03-08
9230.0,0.5957791438528743,2018-03-09
8791.47,4.751137594799574,2018-03-10
9535.04,8.457857445910657,2018-03-11
9120.75,4.34492146860423,2018-03-12
9142.32,0.2364937093988949,2018-03-13
8196.69,10.34343580185335,2018-03-14
8265.05,0.8339951858615949,2018-03-15
8258.54,0.07876540371804647,2018-03-16
7860.83,4.815742249840782,2018-03-17
8188.24,4.165081804338726,2018-03-18
8596.93,4.991182476331916,2018-03-19
8904.02,3.572089106227457,2018-03-20
8893.79,0.11489192522028885,2018-03-21
8704.67,2.126427541014582,2018-03-22
8920.79,2.482805206860235,2018-03-23
8547.0,4.190099755739131,2018-03-24
8453.9,1.0892710892710935,2018-03-25
8149.66,3.598812382450701,2018-03-26
7791.7,4.392330477590477,2018-03-27
7932.41,1.8058960175571446,2018-03-28
7088.38,10.640271998043467,2018-03-29
6850.0,3.362968689601857,2018-03-30
6928.62,1.1477372262773706,2018-03-31
6813.52,1.6612254676977443,2018-04-01
7052.76,3.5112540947997477,2018-04-02
7416.27,5.154152416926142,2018-04-03
6799.95,8.310377049379278,2018-04-04
6771.69,0.41559129111243787,2018-04-05
6618.33,2.2647226910859724,2018-04-06
6904.9,4.329944260863386,2018-04-07
7027.26,1.772074903329528,2018-04-08
6780.1,3.517160315684916,2018-04-09
6835.67,0.8196044306131134,2018-04-10
6940.94,1.5400099770761244,2018-04-11
7923.78,14.160041723455327,2018-04-12
7896.92,0.338979628409669,2018-04-13
8000.41,1.310510933376554,2018-04-14
8354.22,4.422398352084449,2018-04-15
8048.15,3.663657409069904,2018-04-16
7890.87,1.9542379304560646,2018-04-17
8172.84,3.5733702367419595,2018-04-18
8271.31,1.2048443380758629,2018-04-19
8861.0,7.129342268637018,2018-04-20
8920.71,0.6738517097392972,2018-04-21
8789.96,1.465690511181285,2018-04-22
8946.95,1.786014953424152,2018-04-23
9648.0,7.835631136867863,2018-04-24
8864.99,8.115775290215591,2018-04-25
9274.48,4.61918174752594,2018-04-26
8921.43,3.806682423165496,2018-04-27
9345.11,4.749014451719066,2018-04-28
9393.99,0.5230543032666196,2018-04-29
9242.17,1.61613968079591,2018-04-30
9066.9,1.8964161014134173,2018-05-01
9222.0,1.7106177414551873,2018-05-02
9732.43,5.534916504012148,2018-05-03
9696.57,0.36845885354429037,2018-05-04
9823.28,1.3067507376319767,2018-05-05
9623.54,2.033333061869353,2018-05-06
9359.52,2.7434810890794905,2018-05-07
9167.69,2.0495709181667428,2018-05-08
9308.49,1.5358285456859826,2018-05-09
9020.99,3.0885782763906926,2018-05-10
8411.42,6.757240613280802,2018-05-11
8481.6,0.8343418828212155,2018-05-12
8696.58,2.5346632710809227,2018-05-13
8674.36,0.25550273785786304,2018-05-14
8474.99,2.2983828201734857,2018-05-15
8346.59,1.515046035452545,2018-05-16
8067.03,3.3493917875443793,2018-05-17
8248.87,2.254113347787241,2018-05-18
8231.2,0.21421115861930268,2018-05-19
8518.48,3.4901350957332933,2018-05-20
8391.76,1.4875893351865515,2018-05-21
7984.08,4.858098897013264,2018-05-22
7502.89,6.026868468251816,2018-05-23
7586.88,1.1194353109268533,2018-05-24
7471.18,1.5250010544518935,2018-05-25
7335.99,1.8094865871254675,2018-05-26
7347.39,0.1553982489071079,2018-05-27
7112.5,3.196917544869679,2018-05-28
7469.45,5.018629173989453,2018-05-29
7375.73,1.254710855551617,2018-05-30
7492.28,1.5801825717590015,2018-05-31
7511.6,0.25786542948208846,2018-06-01
7642.0,1.7359816816656854,2018-06-02
7703.67,0.8069876995550913,2018-06-03
7488.26,2.7961997333738315,2018-06-04
7617.98,1.7323116451618845,2018-06-05
7658.57,0.5328184111798685,2018-06-06
7689.28,0.40098869632320444,2018-06-07
7618.11,0.925574306046861,2018-06-08
7492.7,1.6462088365749492,2018-06-09
6781.17,9.496309741481705,2018-06-10
6880.61,1.4664136129900827,2018-06-11
6557.67,4.693479211872197,2018-06-12
6307.4,3.816447000230271,2018-06-13
6646.1,5.369882994577809,2018-06-14
6390.6,3.844359850137675,2018-06-15
6487.92,1.5228617031264624,2018-06-16
6453.41,0.5319116141999318,2018-06-17
6707.5,3.937298265568128,2018-06-18
6736.52,0.4326500186358619,2018-06-19
6756.58,0.29777986259967293,2018-06-20
6718.33,0.5661148095634182,2018-06-21
6050.45,9.941160973039432,2018-06-22
6177.38,2.0978604897156456,2018-06-23
6153.4,0.38819046262332046,2018-06-24
6253.61,1.6285305684662146,2018-06-25
6068.0,2.9680456568286107,2018-06-26
6135.64,1.1147000659195836,2018-06-27
5848.33,4.682641093675645,2018-06-28
6204.24,6.085668900352747,2018-06-29
6385.71,2.924935205601335,2018-06-30
6349.99,0.5593739772084898,2018-07-01
6612.98,4.1415813253249185,2018-07-02
6507.99,1.587635226478831,2018-07-03
6584.25,1.1717903684547797,2018-07-04
6533.69,0.7678930781789938,2018-07-05
6596.53,0.9617842291262694,2018-07-06
6759.99,2.4779694778921653,2018-07-07
6706.6,0.7897940677426952,2018-07-08
6666.75,0.5941907971252253,2018-07-09
6299.46,5.509281133985825,2018-07-10
6380.0,1.2785222860372152,2018-07-11
6243.88,2.1335423197492145,2018-07-12
6215.59,0.45308365951940077,2018-07-13
6243.98,0.4567547087243435,2018-07-14
6349.3,1.6867446724685315,2018-07-15
6721.04,5.854818641425035,2018-07-16
7310.71,8.77349338792806,2018-07-17
7374.88,0.877753323548603,2018-07-18
7471.42,1.3090382487579453,2018-07-19
7330.84,1.8815700362180139,2018-07-20
7409.92,1.0787304047012338,2018-07-21
7396.6,0.17975902573846558,2018-07-22
7719.62,4.367141659681469,2018-07-23
8403.83,8.863260108658197,2018-07-24
8174.06,2.734110518656369,2018-07-25
7926.0,3.034722035316604,2018-07-26
8183.05,3.243123896038357,2018-07-27
8237.74,0.6683327121305577,2018-07-28
8216.74,0.2549242874866165,2018-07-29
8160.21,0.6879857461718364,2018-07-30
7725.43,5.328049155597708,2018-07-31
7602.01,1.5975809760751192,2018-08-01
7536.37,0.8634558491767351,2018-08-02
7416.98,1.5841844283123085,2018-08-03
7009.99,5.487273796073332,2018-08-04
7032.61,0.32268234334142976,2018-08-05
6936.11,1.3721790345262996,2018-08-06
6717.68,3.1491715096790474,2018-08-07
6283.59,6.4619035143085135,2018-08-08
6543.76,4.140467471620523,2018-08-09
6139.99,6.170305756934857,2018-08-10
6239.98,1.628504280951594,2018-08-11
6310.82,1.1352600489104157,2018-08-12
6252.63,0.9220671798593464,2018-08-13
6193.62,0.9437628645865854,2018-08-14
6272.3,1.2703394783664528,2018-08-15
6313.51,0.6570157677407018,2018-08-16
6580.15,4.223324268117092,2018-08-17
6399.28,2.7487215337036375,2018-08-18
6481.99,1.2924891550299415,2018-08-19
6260.82,3.4120694416375232,2018-08-20
6479.27,3.489159566957695,2018-08-21
6355.76,1.9062332639325144,2018-08-22
6525.01,2.6629388145556154,2018-08-23
6692.94,2.573635902473703,2018-08-24
6732.4,0.5895764790958837,2018-08-25
6700.46,0.4744221971362308,2018-08-26
6904.51,3.0453133068475924,2018-08-27
7080.94,2.555286327342554,2018-08-28
7032.96,0.6775936528200996,2018-08-29
6984.01,0.6960085085085059,2018-08-30
7017.35,0.47737617786916314,2018-08-31
7185.01,2.3892210022301845,2018-09-01
7290.31,1.4655511961709196,2018-09-02
7258.99,0.4296113608337727,2018-09-03
7361.0,1.4052919207768606,2018-09-04
6679.3,9.260969976905308,2018-09-05
6493.09,2.787866992050066,2018-09-06
6400.0,1.4336779561041066,2018-09-07
6178.31,3.4639062499999937,2018-09-08
6236.04,0.9343979178772117,2018-09-09
6301.99,1.0575621708648408,2018-09-10
6279.99,0.3490960791749908,2018-09-11
6322.45,0.6761157262989278,2018-09-12
6485.7,2.582068660092211,2018-09-13
6476.51,0.14169634734877654,2018-09-14
6520.15,0.6738196961017495,2018-09-15
6499.98,0.30934871130265523,2018-09-16
6254.52,3.7763193117517155,2018-09-17
6332.34,1.244220179965844,2018-09-18
6388.4,0.8852967465423445,2018-09-19
6492.98,1.637029616179324,2018-09-20
6749.45,3.949958262615937,2018-09-21
6710.01,0.5843439095037315,2018-09-22
6702.22,0.11609520701161345,2018-09-23
6581.52,1.8008958225781877,2018-09-24
6428.99,2.317549745347589,2018-09-25
6461.51,0.505833731270393,2018-09-26
6681.62,3.4064792904444885,2018-09-27
6610.76,1.0605212508343735,2018-09-28
6579.38,0.4746806721163695,2018-09-29
6597.81,0.2801175794679786,2018-09-30
6571.2,0.40331564564606404,2018-10-01
6500.0,1.0835159483808106,2018-10-02
6456.77,0.6650769230769163,2018-10-03
6547.56,1.4061210171649285,2018-10-04
6582.12,0.5278302146142912,2018-10-05
6544.08,0.577929299374669,2018-10-06
6577.63,0.512677106636841,2018-10-07
6604.75,0.41230656026562595,2018-10-08
6588.8,0.2414928649835318,2018-10-09
6517.55,1.0813805245264692,2018-10-10
6152.76,5.5970418332041945,2018-10-11
6185.15,0.5264304149682324,2018-10-12
6199.69,0.23507918158815816,2018-10-13
6183.0,0.26920700873752723,2018-10-14
6441.74,4.184699983826619,2018-10-15
6461.2,0.30209229183419445,2018-10-16
6437.29,0.3700550981241852,2018-10-17
6396.18,0.6386227744905026,2018-10-18
6383.46,0.19886869975517035,2018-10-19
6412.86,0.4605652733783816,2018-10-20
6413.38,0.008108706567747254,2018-10-21
6406.06,0.11413638362298364,2018-10-22
6393.41,0.1974692712837617,2018-10-23
6411.96,0.29014250611176484,2018-10-24
6393.53,0.28743161217475294,2018-10-25
6406.1,0.19660500537262857,2018-10-26
6407.66,0.024351789700433814,2018-10-27
6405.57,0.0326172112752572,2018-10-28
6266.52,2.170767004341523,2018-10-29
6269.46,0.046915991650862035,2018-10-30
6303.27,0.5392808950053178,2018-10-31
6340.99,0.5984195504872764,2018-11-01
6350.43,0.1488726523776336,2018-11-02
6335.0,0.2429756725135194,2018-11-03
6421.76,1.369534333070248,2018-11-04
6403.2,0.28901734104046867,2018-11-05
6447.5,0.6918415792103977,2018-11-06
6501.0,0.8297789841023653,2018-11-07
6405.49,1.4691585909860057,2018-11-08
6325.0,1.2565783413915217,2018-11-09
6349.32,0.38450592885375035,2018-11-10
6357.54,0.12946268261798516,2018-11-11
6318.0,0.621938674392925,2018-11-12
6260.91,0.9036087369420727,2018-11-13
5595.91,10.6214591808539,2018-11-14
5585.0,0.19496382179126998,2018-11-15
5508.71,1.3659803043867496,2018-11-16
5503.36,0.09711892620959106,2018-11-17
5559.26,1.0157431096639242,2018-11-18
4735.44,14.818878771635086,2018-11-19
4352.0,8.09724122784788,2018-11-20
4538.01,4.274126838235299,2018-11-21
4275.23,5.790643916606633,2018-11-22
4288.26,0.3047789241748551,2018-11-23
3785.65,11.720604627517924,2018-11-24
3938.89,4.0479177948304725,2018-11-25
3727.34,5.370802434188305,2018-11-26
3771.01,1.1716130001556089,2018-11-27
4220.16,11.910602199410757,2018-11-28
4249.8,0.7023430391264864,2018-11-29
3971.06,6.558896889265382,2018-11-30
4140.39,4.264100769064189,2018-12-01
4102.05,0.9259997246636221,2018-12-02
3834.34,6.526249070586658,2018-12-03
3903.52,1.8042218478277836,2018-12-04
3696.69,5.298551051358772,2018-12-05
3437.26,7.017899796845281,2018-12-06
3380.68,1.6460785625760164,2018-12-07
3398.8,0.5359868428836905,2018-12-08
3529.75,3.852830410733194,2018-12-09
3408.0,3.449252779941922,2018-12-10
3353.42,1.6015258215962418,2018-12-11
3430.18,2.2890064471494704,2018-12-12
3262.73,4.881668017421821,2018-12-13
3195.75,2.0528820956683522,2018-12-14
3179.54,0.5072361730423229,2018-12-15
3193.78,0.4478635274285034,2018-12-16
3496.73,9.4856251839513,2018-12-17
3667.16,4.873982263428971,2018-12-18
3684.5,0.4728454717001752,2018-12-19
4073.77,10.565069887365992,2018-12-20
3841.08,5.711908134234384,2018-12-21
3980.9,3.6401220490070543,2018-12-22
3943.83,0.9311964631113608,2018-12-23
4036.0,2.337068281340729,2018-12-24
3779.99,6.343161546085238,2018-12-25
3810.01,0.794181995190475,2018-12-26
3591.69,5.730168687221298,2018-12-27
3884.97,8.16551539804381,2018-12-28
3725.48,4.105308406499916,2018-12-29
3835.79,2.9609607352609584,2018-12-30
3693.3,3.714749764715998,2018-12-31
3823.44,3.5236780115343964,2019-01-01
3885.87,1.6328227983177408,2019-01-02
3787.81,2.523501815552243,2019-01-03
3817.71,0.7893743350379268,2019-01-04
3791.84,0.6776313549221886,2019-01-05
4040.71,6.563304358833704,2019-01-06
4005.45,0.8726189209322178,2019-01-07
3994.9,0.26339112958593236,2019-01-08
4002.13,0.1809807504568329,2019-01-09
3627.51,9.360515525482677,2019-01-10
3632.02,0.12432770688433012,2019-01-11
3617.13,0.4099647028375359,2019-01-12
3515.95,2.7972453298609747,2019-01-13
3664.28,4.218774442184911,2019-01-14
3576.93,2.3838243802329613,2019-01-15
3605.91,0.8101919802735872,2019-01-16
3638.01,0.8902052463871912,2019-01-17
3609.21,0.7916415842727256,2019-01-18
3681.0,1.9890779422643727,2019-01-19
3536.72,3.919587068731328,2019-01-20
3531.51,0.14731163337780717,2019-01-21
3576.81,1.2827374126081967,2019-01-22
3552.32,0.6846883116519967,2019-01-23
3570.73,0.5182528601026893,2019-01-24
3560.0,0.3004987775608914,2019-01-25
3555.56,0.12471910112359705,2019-01-26
3533.23,0.6280304649619168,2019-01-27
3429.5,2.9358405764696895,2019-01-28
3390.5,1.1371920104971571,2019-01-29
3437.35,1.3818020940864153,2019-01-30
3413.11,0.705194408483273,2019-01-31
3434.83,0.6363697624746872,2019-02-01
3462.82,0.8148874907928554,2019-02-02
3414.82,1.3861534818442771,2019-02-03
3410.87,0.11567227555186724,2019-02-04
3431.39,0.6016060418602873,2019-02-05
3364.62,1.945858675347308,2019-02-06
3359.33,0.15722429278789174,2019-02-07
3622.94,7.847100463485282,2019-02-08
3622.62,0.008832605563441948,2019-02-09
3650.37,0.7660201732447787,2019-02-10
3588.7,1.6894177850464493,2019-02-11
3585.94,0.07690807256108796,2019-02-12
3574.93,0.3070324656854331,2019-02-13
3560.46,0.4047631701879421,2019-02-14
3566.29,0.1637428871550285,2019-02-15
3579.92,0.38218989482067106,2019-02-16
3625.6,1.2760061677355872,2019-02-17
3869.8,6.735436893203891,2019-02-18
3888.46,0.48219546229778937,2019-02-19
3936.53,1.23622205191773,2019-02-20
3900.4,0.9178134041910033,2019-02-21
3939.82,1.0106655727617697,2019-02-22
4113.53,4.409084678995477,2019-02-23
3730.68,9.307091476177394,2019-02-24
3820.71,2.4132329762938713,2019-02-25
3795.06,0.6713411905117136,2019-02-26
3798.47,0.0898536518526678,2019-02-27
3791.36,0.187180627989682,2019-02-28
3807.05,0.41383566846725334,2019-03-01
3810.46,0.08957066495054844,2019-03-02
3789.52,0.549539950557152,2019-03-03
3698.66,2.3976651396482964,2019-03-04
3844.07,3.931423812948482,2019-03-05
3851.55,0.19458542638401533,2019-03-06
3856.64,0.13215458711427064,2019-03-07
3844.64,0.31115167607036176,2019-03-08
3916.43,1.8672749594240283,2019-03-09
3897.92,0.47262430325576515,2019-03-10
3849.25,1.2486146457597915,2019-03-11
3859.74,0.2725206209001697,2019-03-12
3848.48,0.29172949473279974,2019-03-13
3854.77,0.16344115079200006,2019-03-14
3901.21,1.2047411389006362,2019-03-15
3990.0,2.275960535321092,2019-03-16
3965.5,0.6140350877192983,2019-03-17
3969.59,0.10313957886773786,2019-03-18
3998.13,0.7189659385478088,2019-03-19
4031.59,0.8368912466578134,2019-03-20
3974.21,1.4232598056846084,2019-03-21
3982.07,0.19777515531388948,2019-03-22
3982.52,0.011300655186870599,2019-03-23
3969.99,0.31462491086046523,2019-03-24
3910.51,1.4982405497242957,2019-03-25
3922.58,0.308655392774848,2019-03-26
4025.5,2.6237833262801544,2019-03-27
4012.23,0.3296484908706988,2019-03-28
4090.0,1.9383235756673964,2019-03-29
4094.92,0.12029339853300912,2019-03-30
4096.08,0.028327781739322246,2019-03-31
4136.32,0.9824026874475055,2019-04-01
4899.63,18.45384302955285,2019-04-02
4978.23,1.604202766331324,2019-04-03
4907.94,1.4119476199372059,2019-04-04
5039.73,2.685240650863702,2019-04-05
5041.39,0.03293827248683489,2019-04-06
5190.85,2.9646585564695456,2019-04-07
5287.88,1.8692507007522803,2019-04-08
5192.6,1.8018563204913831,2019-04-09
5323.47,2.5203173747255687,2019-04-10
5040.2,5.321153307898803,2019-04-11
5076.35,0.7172334431173475,2019-04-12
5063.63,0.2505737390053927,2019-04-13
5162.72,1.956896534699418,2019-04-14
5027.31,2.622842222704308,2019-04-15
5202.43,3.4833738122375557,2019-04-16
5233.72,0.6014497071560783,2019-04-17
5281.58,0.9144547281856819,2019-04-18
5289.91,0.15771795561176633,2019-04-19
5318.89,0.5478354074076964,2019-04-20
5295.65,0.43693326991159226,2019-04-21
5386.8,1.721224023490989,2019-04-22
5531.32,2.6828543847924466,2019-04-23
5440.95,1.6337872334271006,2019-04-24
5132.55,5.668127808562836,2019-04-25
5155.19,0.44110627271043473,2019-04-26
5168.91,0.2661395603265885,2019-04-27
5160.98,0.15341725818403282,2019-04-28
5149.11,0.22999507845408995,2019-04-29
5269.0,2.328363542437437,2019-04-30
5318.42,0.937938887834505,2019-05-01
5385.0,1.2518755570263334,2019-05-02
5658.22,5.073723305478184,2019-05-03
5764.65,1.8809802376012135,2019-05-04
5709.32,0.9598154267821972,2019-05-05
5685.46,0.417913166541719,2019-05-06
5751.54,1.162263035884518,2019-05-07
5940.89,3.292161751461354,2019-05-08
6156.7,3.6326207016120398,2019-05-09
6342.84,3.023372910812616,2019-05-10
7217.47,13.789248979952198,2019-05-11
6974.35,3.368493391728679,2019-05-12
7810.05,11.982478653924735,2019-05-13
7986.0,2.2528664989340634,2019-05-14
8208.69,2.7885048835462123,2019-05-15
7880.0,4.004171189312795,2019-05-16
7351.71,6.704187817258883,2019-05-17
7260.12,1.2458326022109163,2019-05-18
8200.0,12.945791529616594,2019-05-19
8005.64,2.3702439024390203,2019-05-20
7955.16,0.6305554584018326,2019-05-21
7624.95,4.150890742612343,2019-05-22
7880.22,3.347825231640869,2019-05-23
7999.02,1.5075721236209163,2019-05-24
8064.64,0.8203504929353832,2019-05-25
8733.26,8.290760653916355,2019-05-26
8770.73,0.42904940423163107,2019-05-27
8717.96,0.6016602950951682,2019-05-28
8663.41,0.6257197784802784,2019-05-29
8277.76,4.451480421681528,2019-05-30
8547.2,3.254986856347617,2019-05-31
8556.27,0.10611662298764166,2019-06-01
8734.49,2.0829169719983045,2019-06-02
8103.64,7.222516712481203,2019-06-03
7665.53,5.406335918179985,2019-06-04
7785.94,1.5707981052843034,2019-06-05
7806.07,0.25854296334161464,2019-06-06
8001.25,2.5003618978564157,2019-06-07
7932.27,0.8621152944852313,2019-06-08
7632.99,3.7729426759301012,2019-06-09
8021.1,5.0846391780940445,2019-06-10
7919.1,1.271646033586416,2019-06-11
8176.27,3.247464989708427,2019-06-12
8238.0,0.7549897447124368,2019-06-13
8697.54,5.578295702840506,2019-06-14
8857.19,1.8355764963426398,2019-06-15
8974.19,1.3209607110155703,2019-06-16
9333.48,4.003592524784956,2019-06-17
9078.84,2.7282428418981928,2019-06-18
9278.27,2.196646267584849,2019-06-19
9534.99,2.766895121612104,2019-06-20
10222.12,7.206405040802361,2019-06-21
10661.3,4.296369050647013,2019-06-22
10831.95,1.6006490765666614,2019-06-23
11029.63,1.8249714963602903,2019-06-24
11751.01,6.540382587629876,2019-06-25
12920.54,9.952591309172579,2019-06-26
11153.74,13.674351072014026,2019-06-27
12354.43,10.764909348792427,2019-06-28
11858.62,4.013216311881645,2019-06-29
10760.1,9.263472478247893,2019-06-30
10577.43,1.6976608024089002,2019-07-01
10828.9,2.377420602168952,2019-07-02
11967.43,10.513810266970799,2019-07-03
11146.34,6.861038669121107,2019-07-04
10997.84,1.3322758860756088,2019-07-05
11240.0,2.2018869159762264,2019-07-06
11469.96,2.045907473309601,2019-07-07
12286.14,7.1158051117876635,2019-07-08
12567.23,2.2878625833662984,2019-07-09
12098.95,3.726199011237949,2019-07-10
11349.24,6.19648812500259,2019-07-11
11808.91,4.050227151774041,2019-07-12
11378.79,3.642334474561996,2019-07-13
10191.87,10.430986071453994,2019-07-14
10850.0,6.457401831067303,2019-07-15
9412.81,13.245990783410145,2019-07-16
9699.35,3.0441494091562546,2019-07-17
10648.6,9.786738286586214,2019-07-18
10535.43,1.0627688146798646,2019-07-19
10750.11,2.0376956612117425,2019-07-20
10600.24,1.3941252694158552,2019-07-21
10328.83,2.5604137264816633,2019-07-22
9847.02,4.664710330211645,2019-07-23
9763.67,0.8464489764416072,2019-07-24
9883.96,1.2320162397950674,2019-07-25
9846.94,0.37454623450518437,2019-07-26
9481.37,3.7125238906706013,2019-07-27
9533.19,0.5465454886793755,2019-07-28
9495.39,0.3965094580093451,2019-07-29
9593.62,1.034502005710154,2019-07-30
10085.34,5.125489648328778,2019-07-31
10407.71,3.1964217368973085,2019-08-01
10529.51,1.170286258936895,2019-08-02
10821.52,2.7732534562387063,2019-08-03
10986.96,1.5288055652070938,2019-08-04
11800.0,7.400045144425764,2019-08-05
11470.0,2.7966101694915255,2019-08-06
11971.57,4.372885789014819,2019-08-07
11983.43,0.09906804203626243,2019-08-08
11859.32,1.0356801016069739,2019-08-09
11273.2,4.942273250068292,2019-08-10
11528.73,2.266703331795753,2019-08-11
11385.11,1.2457573384058693,2019-08-12
10862.28,4.5922261620660665,2019-08-13
10022.99,7.726646707689369,2019-08-14
10301.44,2.7781131179418592,2019-08-15
10354.34,0.5135204398608315,2019-08-16
10210.89,1.3854094032067783,2019-08-17
10318.99,1.0586736317794077,2019-08-18
10927.3,5.8950536825793955,2019-08-19
10772.22,1.4191977890238205,2019-08-20
10134.75,5.917721695249441,2019-08-21
10112.01,0.22437652630799754,2019-08-22
10401.6,2.8638223261250744,2019-08-23
10149.7,2.421742808798643,2019-08-24
10136.75,0.12758997802891442,2019-08-25
10360.97,2.2119515623843866,2019-08-26
10167.29,1.869323046008226,2019-08-27
9711.78,4.480151544806927,2019-08-28
9490.0,2.283618450994572,2019-08-29
9579.75,0.9457323498419389,2019-08-30
9594.15,0.15031707508024358,2019-08-31
9767.53,1.8071428943679329,2019-09-01
10384.48,6.31633585973116,2019-09-02
10617.61,2.244984823505857,2019-09-03
10586.26,0.2952641884567277,2019-09-04
10573.66,0.11902220425344139,2019-09-05
10311.09,2.483246103998045,2019-09-06
10484.39,1.6807146480148971,2019-09-07
10400.18,0.8031940818683694,2019-09-08
10307.45,0.8916191835141273,2019-09-09
10096.0,2.0514288209013936,2019-09-10
10154.46,0.5790412044373923,2019-09-11
10420.34,2.6183568599413563,2019-09-12
10368.65,0.49604907325481234,2019-09-13
10355.37,0.12807839014721142,2019-09-14
10305.74,0.47926824439880966,2019-09-15
10269.98,0.34699109428338204,2019-09-16
10195.73,0.722980960040818,2019-09-17
10152.09,0.42802231914732364,2019-09-18
10271.53,1.1765065124521208,2019-09-19
10169.02,0.9980012714756246,2019-09-20
9985.28,1.8068604447626198,2019-09-21
10020.58,0.35352038200230007,2019-09-22
9682.19,3.3769502364134554,2019-09-23
8536.82,11.829658372744191,2019-09-24
8432.16,1.2259834458264303,2019-09-25
8055.03,4.472519496783744,2019-09-26
8187.72,1.6472936786082797,2019-09-27
8218.07,0.3706770627231934,2019-09-28
8047.6,2.0743313211009315,2019-09-29
8298.45,3.1170783836174802,2019-09-30
8319.01,0.24775711126776073,2019-10-01
8373.42,0.6540441711213216,2019-10-02
8239.92,1.5943306319281727,2019-10-03
8152.07,1.0661511276808557,2019-10-04
8145.17,0.08464107889161449,2019-10-05
7854.12,3.573283307776267,2019-10-06
8205.53,4.474212260571531,2019-10-07
8178.54,0.3289245179775187,2019-10-08
8586.34,4.986220034382667,2019-10-09
8582.11,0.04926429654543803,2019-10-10
8265.55,3.688603385414558,2019-10-11
8303.43,0.4582877122514657,2019-10-12
8282.96,0.24652462897864091,2019-10-13
8362.99,0.9662004887141875,2019-10-14
8155.13,2.4854746926637445,2019-10-15
7995.89,1.9526359481700446,2019-10-16
8073.32,0.9683725013725725,2019-10-17
7955.08,1.4645771504164307,2019-10-18
7960.49,0.06800685851053483,2019-10-19
8235.74,3.4577017243913377,2019-10-20
8213.65,0.2682211920240336,2019-10-21
8025.9,2.2858290772068446,2019-10-22
7470.77,6.916732079891343,2019-10-23
7435.0,0.4787993740939747,2019-10-24
8662.66,16.511903160726295,2019-10-25
9252.75,6.811879953732458,2019-10-26
9557.08,3.289076220583069,2019-10-27
9216.44,3.5642685841282002,2019-10-28
9426.94,2.2839621372243513,2019-10-29
9159.94,2.832308256974161,2019-10-30
9150.07,0.10775179750086572,2019-10-31
9250.45,1.0970407876661166,2019-11-01
9304.75,0.586998470344678,2019-11-02
9207.0,1.0505387033504394,2019-11-03
9410.76,2.213098729227764,2019-11-04
9320.14,0.9629402938763798,2019-11-05
9344.78,0.2643737111245243,2019-11-06
9199.36,1.5561629059218094,2019-11-07
8767.37,4.6958701474885185,2019-11-08
8812.21,0.5114418577064539,2019-11-09
9024.49,2.408930336430937,2019-11-10
8720.36,3.37005193645291,2019-11-11
8813.91,1.07277681196647,2019-11-12
8755.24,0.6656523608704885,2019-11-13
8636.9,1.351647698977985,2019-11-14
8463.49,2.007780569417266,2019-11-15
8484.63,0.24977875557245793,2019-11-16
8499.31,0.17301874094686856,2019-11-17
8170.65,3.8669021367616887,2019-11-18
8121.63,0.5999522681793924,2019-11-19
8088.44,0.4086618080360778,2019-11-20
7611.51,5.896439857376693,2019-11-21
7285.85,4.2785202936079685,2019-11-22
7320.39,0.4740696006643008,2019-11-23
6908.36,5.6285252561680545,2019-11-24
7122.14,3.094511577277395,2019-11-25
7159.22,0.5206300353545413,2019-11-26
7527.84,5.148884934392292,2019-11-27
7436.72,1.2104401793874457,2019-11-28
7753.69,4.26222850934282,2019-11-29
7550.67,2.6183662230499225,2019-11-30
7412.66,1.8277848190955268,2019-12-01
7309.64,1.3897845038083432,2019-12-02
7300.43,0.12599799716538757,2019-12-03
7197.78,1.4060815595793748,2019-12-04
7390.42,2.6763807729605564,2019-12-05
7541.79,2.0481921189864702,2019-12-06
7502.65,0.5189749383104054,2019-12-07
7524.26,0.2880315621813703,2019-12-08
7340.52,2.4419677150975616,2019-12-09
7216.07,1.6953839782467826,2019-12-10
7207.42,0.11987134271147087,2019-12-11
7188.42,0.26361721670167687,2019-12-12
7257.47,0.9605726988684605,2019-12-13
7059.03,2.7342861906422002,2019-12-14
7115.08,0.7940184416272515,2019-12-15
6882.19,3.2731887765141123,2019-12-16
6612.3,3.9215714765212732,2019-12-17
7286.91,10.202350165600468,2019-12-18
7149.57,1.8847495028757064,2019-12-19
7194.11,0.6229745285380794,2019-12-20
7147.4,0.6492811480502805,2019-12-21
7509.7,5.068976131180572,2019-12-22
7316.17,2.577066993355257,2019-12-23
7251.52,0.8836590729849038,2019-12-24
7195.79,0.7685285291911278,2019-12-25
7188.3,0.1040886407190841,2019-12-26
7246.0,0.8026932654452349,2019-12-27
7296.24,0.6933480540988102,2019-12-28
7385.54,1.2239180728704124,2019-12-29
7220.24,2.2381572640592315,2019-12-30
7168.36,0.7185356719444245,2019-12-31
7178.68,0.1439659838512661,2020-01-01
6950.56,3.1777429833897024,2020-01-02
7338.91,5.587319582882523,2020-01-03
7344.48,0.07589682936566478,2020-01-04
7356.7,0.16638346077598762,2020-01-05
7762.74,5.519322522326586,2020-01-06
8159.01,5.104769707603249,2020-01-07
8044.44,1.404214481904062,2020-01-08
7806.78,2.954338648805882,2020-01-09
8200.0,5.036903819500489,2020-01-10
8016.22,2.241219512195119,2020-01-11
8180.76,2.0525883770654993,2020-01-12
8105.01,0.9259530899329645,2020-01-13
8813.04,8.735707913993945,2020-01-14
8809.17,0.04391220282672948,2020-01-15
8710.15,1.124055955328373,2020-01-16
8892.63,2.0950270661239996,2020-01-17
8908.53,0.17879974765622159,2020-01-18
8696.6,2.378955899570415,2020-01-19
8625.17,0.8213554722535276,2020-01-20
8717.89,1.0749933044797881,2020-01-21
8655.93,0.7107224339834424,2020-01-22
8378.44,3.205779159489503,2020-01-23
8422.13,0.5214574550870889,2020-01-24
8329.5,1.0998405391510129,2020-01-25
8590.48,3.133201272585384,2020-01-26
8894.54,3.53949953902461,2020-01-27
9400.0,5.682812152174245,2020-01-28
9289.18,1.1789361702127628,2020-01-29
9500.0,2.2695221752619683,2020-01-30
9327.85,1.8121052631578909,2020-01-31
9377.17,0.528739205711924,2020-02-01
9329.39,0.509535392874403,2020-02-02
9288.09,0.44268703527239484,2020-02-03
9159.37,1.3858608174554654,2020-02-04
9618.42,5.0118075806523725,2020-02-05
9754.63,1.4161369538863882,2020-02-06
9803.42,0.5001727384841954,2020-02-07
9902.0,1.0055674448304768,2020-02-08
10173.97,2.746616845081795,2020-02-09
9850.01,3.18420439612068,2020-02-10
10268.98,4.253498219798755,2020-02-11
10348.78,0.7770976280020129,2020-02-12
10228.67,1.1606198991572008,2020-02-13
10364.04,1.3234369668783996,2020-02-14
9899.78,4.479527288586306,2020-02-15
9912.89,0.13242718525056882,2020-02-16
9697.15,2.176358256774763,2020-02-17
10185.17,5.032612674858082,2020-02-18
9595.72,5.787335901118987,2020-02-19
9612.76,0.17757917071361892,2020-02-20
9696.13,0.8672847340409932,2020-02-21
9668.13,0.2887750061106854,2020-02-22
9965.21,3.0727762245646257,2020-02-23
9652.58,3.137214368789009,2020-02-24
9305.4,3.596758586823422,2020-02-25
8779.36,5.653061663120329,2020-02-26
8816.5,0.42303767017185095,2020-02-27
8703.84,1.2778313389667084,2020-02-28
8527.74,2.023244912590309,2020-02-29
8528.95,0.014188987938198701,2020-03-01
8917.34,4.553784463503707,2020-03-02
8755.45,1.815451692993644,2020-03-03
8753.28,0.024784562758054386,2020-03-04
9066.65,3.580029428968329,2020-03-05
9153.79,0.9611047079130797,2020-03-06
8893.93,2.838824137324546,2020-03-07
8033.7,9.672102209034707,2020-03-08
7936.25,1.2130151735812866,2020-03-09
7885.92,0.6341786108048503,2020-03-10
7934.57,0.6169223121715619,2020-03-11
4841.67,38.98005815059921,2020-03-12
5622.74,16.13224362668252,2020-03-13
5169.37,8.063150705883606,2020-03-14
5343.64,3.3712038410870266,2020-03-15
5033.42,5.8054060528029625,2020-03-16
5324.99,5.792681715414165,2020-03-17
5406.92,1.5385944386750077,2020-03-18
6181.18,14.319797592714526,2020-03-19
6210.14,0.46851895592750953,2020-03-20
6187.78,0.3600562950271746,2020-03-21
5813.15,6.054352287896469,2020-03-22
6493.51,11.703809466468277,2020-03-23
6768.64,4.2369997120201575,2020-03-24
6692.22,1.1290303517397893,2020-03-25
6760.72,1.0235766307742422,2020-03-26
6376.03,5.69007442994238,2020-03-27
6253.08,1.9283158956278408,2020-03-28
5870.9,6.1118680714144125,2020-03-29
6407.77,9.144594525541242,2020-03-30
6421.14,0.20865293229937856,2020-03-31
6652.07,3.5964018850235218,2020-04-01
6801.99,2.2537345518011698,2020-04-02
6742.57,0.8735678823403161,2020-04-03
6879.61,2.0324594331241643,2020-04-04
6775.2,1.517673240198207,2020-04-05
7352.43,8.519748494509393,2020-04-06
7202.73,2.036061546998757,2020-04-07
7367.36,2.285661131265508,2020-04-08
7293.93,0.9966935238674285,2020-04-09
6877.03,5.715711557418299,2020-04-10
6883.18,0.0894281397638304,2020-04-11
6908.24,0.3640759067756399,2020-04-12
6864.22,0.6372100563964125,2020-04-13
6879.75,0.22624566228937512,2020-04-14
6619.0,3.7901086522039313,2020-04-15
7111.67,7.443269376038677,2020-04-16
7024.19,1.230090822549422,2020-04-17
7262.26,3.3892875904552784,2020-04-18
7126.4,1.8707675021274448,2020-04-19
6841.0,4.004827121688366,2020-04-20
6854.98,0.20435608829117913,2020-04-21
7137.79,4.125613787348765,2020-04-22
7484.58,4.858506624599491,2020-04-23
7505.53,0.2799088258793388,2020-04-24
7547.56,0.5599871028428459,2020-04-25
7701.73,2.0426468951555092,2020-04-26
7786.41,1.0994932307416683,2020-04-27
7767.79,0.23913459476189786,2020-04-28
8790.32,13.16371838064623,2020-04-29
8627.32,1.8543124709908172,2020-04-30
8832.44,2.377563368462058,2020-05-01
8983.79,1.7135695232574504,2020-05-02
8915.98,0.7548039301898342,2020-05-03
8882.87,0.3713557006632896,2020-05-04
9034.85,1.7109335158569197,2020-05-05
9154.32,1.3223241116343862,2020-05-06
10000.0,9.238042803834695,2020-05-07
9801.35,1.9864999999999962,2020-05-08
9546.56,2.5995398593051045,2020-05-09
8731.17,8.541191801025704,2020-05-10
8571.98,1.8232378936614508,2020-05-11
8825.46,2.9570764280831217,2020-05-12
9315.5,5.552571763964722,2020-05-13
9793.5,5.13123289141753,2020-05-14
9306.21,4.975647112881002,2020-05-15
9389.07,0.89037320241001,2020-05-16
9665.7,2.9462981956679526,2020-05-17
9721.91,0.5815409127119517,2020-05-18
9787.65,0.6762045729697126,2020-05-19
9516.51,2.770225743666758,2020-05-20
9062.47,4.77107679180709,2020-05-21
9171.96,1.2081695166990873,2020-05-22
9183.46,0.1253821429661708,2020-05-23
8718.77,5.060075396419201,2020-05-24
8903.56,2.119450335311048,2020-05-25
8840.91,0.7036511238201308,2020-05-26
9210.0,4.174796485882111,2020-05-27
9577.38,3.988925081433216,2020-05-28
9421.04,1.632387980846519,2020-05-29
9705.1,3.0151660538539216,2020-05-30
9446.19,2.6677726143986136,2020-05-31
10203.64,8.01857680186402,2020-06-01
9525.73,6.64380554390394,2020-06-02
9668.99,1.5039267331742578,2020-06-03
9791.92,1.2713840845838118,2020-06-04
9619.99,1.7558354234920248,2020-06-05
9669.85,0.5182957570642026,2020-06-06
9750.04,0.8292786341049809,2020-06-07
9783.0,0.33804989517990824,2020-06-08
9776.84,0.06296637023407804,2020-06-09
9894.32,1.2016152458258453,2020-06-10
9264.26,6.36789592412616,2020-06-11
9463.07,2.145988994263972,2020-06-12
9473.46,0.10979523558421757,2020-06-13
9329.99,1.5144413973352857,2020-06-14
9435.15,1.127118035496285,2020-06-15
9530.3,1.0084630345039522,2020-06-16
9461.29,0.7241115180004659,2020-06-17
9374.78,0.9143573445058784,2020-06-18
9304.32,0.7515909706681217,2020-06-19
9355.46,0.5496371577933629,2020-06-20
9283.03,0.7742003065589343,2020-06-21
9683.12,4.309907433241087,2020-06-22
9622.81,0.6228364411470818,2020-06-23
9286.06,3.499497548013522,2020-06-24
9239.48,0.5016120938266598,2020-06-25
9158.26,0.8790537995644707,2020-06-26
9009.3,1.6265098392052744,2020-06-27
9118.01,1.206642025462588,2020-06-28
9188.88,0.7772529312865305,2020-06-29
9132.96,0.6085616527803179,2020-06-30
9233.38,1.099533995550184,2020-07-01
9092.92,1.521219748347833,2020-07-02
9063.08,0.32816740936904915,2020-07-03
9138.52,0.8323881064715364,2020-07-04
9076.82,0.6751640309371838,2020-07-05
9348.22,2.9900339546228705,2020-07-06
9257.16,0.9740891848929475,2020-07-07
9437.16,1.9444408436280676,2020-07-08
9234.9,2.1432295309182026,2020-07-09
9283.53,0.5265893512653198,2020-07-10
9238.3,0.4872069137494183,2020-07-11
9306.17,0.7346589740536766,2020-07-12
9233.1,0.7851780055597491,2020-07-13
9251.59,0.20025776824684866,2020-07-14
9190.07,0.6649667786834526,2020-07-15
9132.87,0.6224109283171827,2020-07-16
9156.5,0.2587357533831008,2020-07-17
9177.43,0.22858078960301745,2020-07-18
9211.99,0.3765760131104186,2020-07-19
9162.43,0.5379945049875162,2020-07-20
9391.25,2.49737242194483,2020-07-21
9539.51,1.5787035804605374,2020-07-22
9617.2,0.8144024168956321,2020-07-23
9547.91,0.7204799733810348,2020-07-24
9710.98,1.7079130406549674,2020-07-25
9944.65,2.406245301710024,2020-07-26
11046.19,11.076709587567194,2020-07-27
10939.27,0.9679355506287695,2020-07-28
11111.17,1.5714028449795976,2020-07-29
11112.12,0.008549954685246716,2020-07-30
11356.74,2.2013801146855774,2020-07-31
11817.49,4.057062149877518,2020-08-01
11071.66,6.311238680972016,2020-08-02
11236.39,1.487852770045319,2020-08-03
11192.42,0.39131785208593994,2020-08-04
11755.24,5.0285818437835585,2020-08-05
11770.08,0.12624157397041783,2020-08-06
11600.85,1.4377982137759435,2020-08-07
11776.9,1.5175612131869585,2020-08-08
11683.03,0.7970688381492498,2020-08-09
11895.12,1.8153681022816868,2020-08-10
11392.64,4.224253307238611,2020-08-11
11565.35,1.5159787371496067,2020-08-12
11793.26,1.97062778039575,2020-08-13
11779.77,0.1143873704132681,2020-08-14
11852.2,0.6148676926629323,2020-08-15
11914.02,0.5215909282664797,2020-08-16
12298.38,3.2261151147975142,2020-08-17
11958.1,2.766868481865082,2020-08-18
11757.55,1.677105894749175,2020-08-19
11859.37,0.86599674251865,2020-08-20
11531.74,2.762625670672228,2020-08-21
11667.7,1.1790068107675074,2020-08-22
11644.65,0.19755393093755488,2020-08-23
11761.8,1.006041400986716,2020-08-24
11328.88,3.680729140097605,2020-08-25
11469.3,1.2394870454978788,2020-08-26
11330.0,1.214546659342761,2020-08-27
11536.58,1.8233009708737857,2020-08-28
11471.71,0.5622983587857129,2020-08-29
11708.97,2.0682182516817478,2020-08-30
11655.0,0.46092867263302706,2020-08-31
11923.96,2.3076791076791006,2020-09-01
11398.44,4.407260675144823,2020-09-02
10160.0,10.864995560796043,2020-09-03
10456.32,2.9165354330708633,2020-09-04
10167.19,2.765121954951639,2020-09-05
10260.17,0.914510302256568,2020-09-06
10377.14,1.1400395899872942,2020-09-07
10123.96,2.439785914037975,2020-09-08
10232.8,1.075073390254408,2020-09-09
10342.59,1.072922367289509,2020-09-10
10393.04,0.48778884205987794,2020-09-11
10443.33,0.4838815207100045,2020-09-12
10334.78,1.0394194189018184,2020-09-13
10675.15,3.2934421439062946,2020-09-14
10783.83,1.0180653199252498,2020-09-15
10951.54,1.5551988486465471,2020-09-16
10940.47,0.10108167435814075,2020-09-17
10931.2,0.08473127754108022,2020-09-18
11077.22,1.3358094262294955,2020-09-19
10923.5,1.387712801587396,2020-09-20
10411.29,4.6890648601638585,2020-09-21
10534.31,1.1816018956344372,2020-09-22
10233.42,2.856285793753928,2020-09-23
10744.02,4.989534290589074,2020-09-24
10689.81,0.5045597457934827,2020-09-25
10729.09,0.36745274237802783,2020-09-26
10780.66,0.48065586177392217,2020-09-27
10689.48,0.8457738208977956,2020-09-28
10836.42,1.3746225260723677,2020-09-29
10778.22,0.5370777433875831,2020-09-30
10622.71,1.442817088535957,2020-10-01
10578.54,0.4158072657542027,2020-10-02
10553.66,0.2351931362929196,2020-10-03
10669.63,1.0988604901048484,2020-10-04
10795.0,1.1750173155020447,2020-10-05
10606.33,1.7477535896248269,2020-10-06
10669.14,0.592193529712912,2020-10-07
10925.2,2.400005998609085,2020-10-08
11052.0,1.1606194852268084,2020-10-09
11301.2,2.2547955121245087,2020-10-10
11372.93,0.6347113580858631,2020-10-11
11535.98,1.4336674893804786,2020-10-12
11427.98,0.9362013457027492,2020-10-13
11428.84,0.0075253894389085575,2020-10-14
11511.11,0.7198455836287886,2020-10-15
11321.86,1.6440638652571296,2020-10-16
11365.8,0.388098775289561,2020-10-17
11519.97,1.3564377342553984,2020-10-18
11764.14,2.119536769627005,2020-10-19
11921.11,1.334309180271581,2020-10-20
12802.67,7.394948960289767,2020-10-21
12983.26,1.4105651399278443,2020-10-22
12941.59,0.3209517486363215,2020-10-23
13122.73,1.3996734558891095,2020-10-24
13039.09,0.6373673770625428,2020-10-25
13066.73,0.21197798312611857,2020-10-26
13647.9,4.447708034068203,2020-10-27
13274.73,2.734266810278505,2020-10-28
13468.44,1.4592387189796023,2020-10-29
13562.13,0.6956262195176182,2020-10-30
13816.08,1.8724934800064645,2020-10-31
13762.0,0.39142795930538854,2020-11-01
13563.72,1.4407789565470184,2020-11-02
14041.58,3.523074790691644,2020-11-03
14160.59,0.8475541926193507,2020-11-04
15605.04,10.200493058551944,2020-11-05
15598.09,0.04453689320886539,2020-11-06
14838.97,4.866749711022316,2020-11-07
15489.15,4.381570958092107,2020-11-08
15332.04,1.0143229292762919,2020-11-09
15313.65,0.11994489970024365,2020-11-10
15707.89,2.5744352260891414,2020-11-11
16300.0,3.7695069165877824,2020-11-12
16335.58,0.21828220858895658,2020-11-13
16086.34,1.5257493152982617,2020-11-14
15975.49,0.68909397662862,2020-11-15
16724.62,4.6892458384688,2020-11-16
17680.63,5.716183686086752,2020-11-17
17785.95,0.5956801313075365,2020-11-18
17825.47,0.2221978584219591,2020-11-19
18687.65,4.836786912210451,2020-11-20
18725.0,0.19986461647129813,2020-11-21
18435.2,1.5476635514018653,2020-11-22
18383.35,0.281255424405497,2020-11-23
19160.85,4.229370598938713,2020-11-24
18732.43,2.2359133336986527,2020-11-25
17160.09,8.393678769919333,2020-11-26
17154.39,0.033216609003803174,2020-11-27
17741.79,3.424196371890819,2020-11-28
18192.03,2.537737173081171,2020-11-29
19700.19,8.290223795805087,2020-11-30
18771.43,4.714472296967687,2020-12-01
19226.55,2.4245355841297065,2020-12-02
19448.4,1.1538731597712653,2020-12-03
18673.76,3.983052590444473,2020-12-04
19162.16,2.615434706240208,2020-12-05
19380.58,1.139850622268063,2020-12-06
19173.5,1.0684922742250322,2020-12-07
18316.43,4.4700758859884715,2020-12-08
18556.64,1.3114455164024819,2020-12-09
18250.3,1.6508376516438328,2020-12-10
18040.02,1.1522002378043037,2020-12-11
18815.63,4.299385477399696,2020-12-12
19162.36,1.8427764576578065,2020-12-13
19274.33,0.5843225990953158,2020-12-14
19434.87,0.8329212999881045,2020-12-15
21365.7,9.93487478948921,2020-12-16
22814.24,6.779745105472794,2020-12-17
23136.14,1.4109608735596617,2020-12-18
23842.99,3.055176879116405,2020-12-19
23470.85,1.560794178918009,2020-12-20
22732.01,3.1479047414132855,2020-12-21
23835.1,4.8525845272811345,2020-12-22
23247.71,2.464390751454785,2020-12-23
23726.28,2.058568349312684,2020-12-24
24705.15,4.125678361715375,2020-12-25
26466.28,7.128594645246021,2020-12-26
26259.6,0.780918209888206,2020-12-27
27037.91,2.9639065332297574,2020-12-28
27370.0,1.2282384252333118,2020-12-29
28881.3,5.5217391304347805,2020-12-30
28992.79,0.3860283297497052,2020-12-31
29402.64,1.4136273190679425,2021-01-01
32216.53,9.570195057314578,2021-01-02
33097.83,2.735552214965432,2021-01-03
32005.88,3.2991588874557656,2021-01-04
34039.05,6.352488980149904,2021-01-05
36849.94,8.257839158260877,2021-01-06
39510.49,7.219957481613255,2021-01-07
40667.07,2.9272732380691857,2021-01-08
40239.06,1.0524731680939936,2021-01-09
38173.73,5.132649718954654,2021-01-10
35455.58,7.120472639168353,2021-01-11
34035.02,4.006590782043348,2021-01-12
37393.49,9.867689221278559,2021-01-13
39134.35,4.65551624092857,2021-01-14
36756.57,6.075940957240887,2021-01-15
36000.0,2.0583258992882083,2021-01-16
35819.25,0.5020833333333333,2021-01-17
36616.95,2.2270148034925272,2021-01-18
35917.62,1.9098532237119543,2021-01-19
35496.91,1.1713192577904636,2021-01-20
30818.18,13.180668401841181,2021-01-21
32992.06,7.053888321763314,2021-01-22
32117.49,2.6508499317714507,2021-01-23
32288.83,0.5334787992461432,2021-01-24
32261.22,0.08550944707504292,2021-01-25
32504.53,0.7541872254056036,2021-01-26
30424.62,6.3988311783003775,2021-01-27
33484.87,10.058465808282909,2021-01-28
34249.64,2.283927039286689,2021-01-29
34323.0,0.21419203238340778,2021-01-30
33141.38,3.4426477871980965,2021-01-31
33532.74,1.1808802168165617,2021-02-01
35522.16,5.932768989351915,2021-02-02
37691.63,6.107370722951514,2021-02-03
36996.32,1.8447331675493943,2021-02-04
38320.0,3.57786936646672,2021-02-05
39282.1,2.5106993736951946,2021-02-06
38858.39,1.0786337797622814,2021-02-07
46416.45,19.450265438171776,2021-02-08
46505.2,0.1912037650445047,2021-02-09
44854.63,3.549216001651428,2021-02-10
47981.48,6.971075226793769,2021-02-11
47395.84,1.2205542638534839,2021-02-12
47228.48,0.3531111591228119,2021-02-13
48662.5,3.0363458658843068,2021-02-14
47942.57,1.4794348831235558,2021-02-15
49166.53,2.5529711903220855,2021-02-16
52174.28,6.1174746316243995,2021-02-17
51579.54,1.1399103159641073,2021-02-18
55988.58,8.548040560268666,2021-02-19
55936.04,0.09384056534386276,2021-02-20
57492.91,2.7833039307037155,2021-02-21
54173.65,5.773337964629032,2021-02-22
48887.93,9.756994405951973,2021-02-23
49754.0,1.7715415645538677,2021-02-24
47088.58,5.357197411263413,2021-02-25
46314.83,1.6431797263795171,2021-02-26
46109.98,0.4422989353518053,2021-02-27
45240.96,1.8846679178780905,2021-02-28
49629.33,9.699993103594624,2021-03-01
48516.35,2.2425851809806883,2021-03-02
50379.68,3.8406228003549354,2021-03-03
48360.5,4.007925417549298,2021-03-04
48739.21,0.7830977760775822,2021-03-05
48904.63,0.33939819705735536,2021-03-06
50967.3,4.217739710943535,2021-03-07
52427.8,2.8655628216523144,2021-03-08
54929.02,4.770789542952391,2021-03-09
55852.29,1.6808419301855453,2021-03-10
57772.09,3.437280727433013,2021-03-11
57271.04,0.8672873008402425,2021-03-12
61165.19,6.799509839527973,2021-03-13
59016.39,3.5131093355550815,2021-03-14
55644.37,5.713700888854769,2021-03-15
56908.34,2.2715146204368812,2021-03-16
58901.8,3.5029312048111167,2021-03-17
57648.05,2.1285427610022105,2021-03-18
58072.0,0.7354108248240783,2021-03-19
58138.39,0.11432359829177473,2021-03-20
57381.79,1.301377626728223,2021-03-21
54070.92,5.769896686736336,2021-03-22
54361.57,0.5375347783984469,2021-03-23
52287.52,3.815287159660773,2021-03-24
51326.11,1.8386987946645708,2021-03-25
55081.37,7.316471090445003,2021-03-26
55839.42,1.3762366477086456,2021-03-27
55790.92,0.0868562030193007,2021-03-28
57600.1,3.2427857436299674,2021-03-29
58760.59,2.014736085527626,2021-03-30
58782.58,0.03742304153175664,2021-03-31
58728.53,0.0919490093833971,2021-04-01
59003.6,0.4683754216221651,2021-04-02
57064.42,3.286545227748816,2021-04-03
58212.18,2.0113408670411475,2021-04-04
59125.0,1.5680910764723117,2021-04-05
58018.3,1.8717970401691282,2021-04-06
55932.83,3.5945038031104,2021-04-07
58096.6,3.8685151457560734,2021-04-08
58109.56,0.022307673770924852,2021-04-09
59766.93,2.852146875660395,2021-04-10
59979.26,0.35526335383129387,2021-04-11
59831.66,0.24608506340358074,2021-04-12
63564.48,6.238870858672482,2021-04-13
62986.09,0.909926424317491,2021-04-14
63239.19,0.40183475430846055,2021-04-15
61436.24,2.8510010959975993,2021-04-16
60032.29,2.285214720171673,2021-04-17
56280.6,6.249453419151597,2021-04-18
55694.55,1.041300199358208,2021-04-19
56503.19,1.4519194427461921,2021-04-20
53806.24,4.773093342163521,2021-04-21
51683.95,3.94431946926602,2021-04-22
51176.65,0.9815426259022301,2021-04-23
50118.94,2.066782409555919,2021-04-24
49128.43,1.9763187329979486,2021-04-25
54073.41,10.06541426216959,2021-04-26
55091.39,1.8825888731633458,2021-04-27
54901.97,0.3438286817595241,2021-04-28
53593.97,2.3824281715209854,2021-04-29
57775.27,7.801810539506581,2021-04-30
57851.91,0.132651911449322,2021-05-01
56622.66,2.1248218079575936,2021-05-02
57222.37,1.0591342759241602,2021-05-03
53236.84,6.964985896250026,2021-05-04
57509.93,8.026565814199348,2021-05-05
56447.39,1.847576583730846,2021-05-06
57381.73,1.6552403928684813,2021-05-07
58984.75,2.7936069546874878,2021-05-08
58305.24,1.1520096296076563,2021-05-09
55880.72,4.158322648187362,2021-05-10
56763.7,1.5801156463266686,2021-05-11
49386.56,12.996228223318775,2021-05-12
49694.96,0.6244613919252555,2021-05-13
49880.43,0.3732169217964984,2021-05-14
46708.89,6.358285203235018,2021-05-15
46444.75,0.5655026270159693,2021-05-16
43593.39,6.139251476216366,2021-05-17
42877.75,1.6416250261794263,2021-05-18
36780.43,14.220242433429926,2021-05-19
40640.9,10.495989307357204,2021-05-20
37335.16,8.1340226225305,2021-05-21
37500.54,0.442960469434167,2021-05-22
34706.79,7.44989272154481,2021-05-23
38839.86,11.90853432426335,2021-05-24
38397.72,1.13836661615155,2021-05-25
39309.56,2.3747243325905716,2021-05-26
38503.47,2.0506207650250894,2021-05-27
35692.46,7.300666667186105,2021-05-28
34632.08,2.970879563919095,2021-05-29
35677.72,3.0192815447411743,2021-05-30
37341.41,4.6631062747283245,2021-05-31
36693.3,1.7356334428721372,2021-06-01
37589.36,2.4420262009685625,2021-06-02
39219.88,4.337716843276919,2021-06-03
36887.32,5.947391985901023,2021-06-04
35532.14,3.673836971620601,2021-06-05
35808.85,0.7787597369592688,2021-06-06
33582.62,6.216982673277684,2021-06-07
33411.69,0.5089835158781544,2021-06-08
37400.0,11.936869999691718,2021-06-09
36707.54,1.8514973262032064,2021-06-10
37341.11,1.7259941690453777,2021-06-11
35542.76,4.816005737376309,2021-06-12
39013.76,9.765701931982772,2021-06-13
40532.79,3.8935749848258636,2021-06-14
40171.47,0.8914264229035299,2021-06-15
38353.99,4.524305433682171,2021-06-16
38097.68,0.6682746697279675,2021-06-17
35840.0,5.926030141467932,2021-06-18
35507.06,0.9289620535714351,2021-06-19
35589.77,0.23293959004209058,2021-06-20
31634.16,11.114457890567984,2021-06-21
32545.26,2.8801144079691023,2021-06-22
33652.28,3.40147843341857,2021-06-23
34649.32,2.962771021755438,2021-06-24
31597.75,8.807012662874769,2021-06-25
32269.38,2.125562737853173,2021-06-26
34699.5,7.530730370400668,2021-06-27
34487.11,0.6120837476044307,2021-06-28
35907.93,4.119858115104455,2021-06-29
35037.23,2.4248125692569777,2021-06-30
33564.21,4.2041565500469185,2021-07-01
33811.56,0.7369456930462495,2021-07-02
34688.3,2.5930184824362,2021-07-03
35289.21,1.7323132007045494,2021-07-04
33704.21,4.491457870550233,2021-07-05
34244.09,1.6018176957715295,2021-07-06
33882.47,1.0560070365426424,2021-07-07
32898.79,2.9032121920273233,2021-07-08
33826.43,2.8196781705345377,2021-07-09
33517.6,0.9129843143364574,2021-07-10
34258.53,2.2105699692102068,2021-07-11
33105.0,3.367132214954929,2021-07-12
32728.0,1.138800785379852,2021-07-13
32823.55,0.291951845514553,2021-07-14
31848.65,2.9701235850479346,2021-07-15
31388.17,1.4458383636355174,2021-07-16
31529.68,0.4508386439859413,2021-07-17
31776.65,0.7832937092923277,2021-07-18
30829.29,2.981308602385716,2021-07-19
29786.58,3.382205688162131,2021-07-20
32138.45,7.895736939252505,2021-07-21
32300.88,0.5054070747033547,2021-07-22
33684.17,4.282514903618717,2021-07-23
34301.78,1.8335318934680611,2021-07-24
35428.28,3.284086131973326,2021-07-25
37291.24,5.258398093274637,2021-07-26
39475.41,5.857059191381155,2021-07-27
40036.32,1.420909877820132,2021-07-28
40037.51,0.0029723011505611114,2021-07-29
42234.89,5.488303343539589,2021-07-30
41490.13,1.763376203892095,2021-07-31
39839.0,3.9795729731384246,2021-08-01
39165.55,1.6904289766309322,2021-08-02
38177.07,2.5238506799981186,2021-08-03
39741.12,4.0968308987567745,2021-08-04
40894.67,2.9026610221352485,2021-08-05
42856.59,4.797495614954219,2021-08-06
44612.94,4.098202866816996,2021-08-07
43858.42,1.6912581865261604,2021-08-08
46292.89,5.55074715413825,2021-08-09
45609.7,1.4757989833860068,2021-08-10
45539.85,0.1531472471864506,2021-08-11
44444.45,2.405365849909478,2021-08-12
47860.58,7.686291539213569,2021-08-13
47119.73,1.5479336021418848,2021-08-14
47028.3,0.19403761439210346,2021-08-15
45930.51,2.3343178469134562,2021-08-16
44694.35,2.691370071875978,2021-08-17
44721.13,0.059918088080481845,2021-08-18
46764.3,4.568690460191873,2021-08-19
49356.0,5.542048100794831,2021-08-20
48884.34,0.9556284950158107,2021-08-21
49301.86,0.854097651722421,2021-08-22
49561.37,0.5263695933581451,2021-08-23
47731.33,3.692472584999165,2021-08-24
49011.75,2.682556719035481,2021-08-25
46856.29,4.397843374292897,2021-08-26
49100.49,4.789538394951878,2021-08-27
48935.36,0.336310289367779,2021-08-28
48808.72,0.25879037162493423,2021-08-29
47003.44,3.698683350024337,2021-08-30
47156.09,0.3247634641209115,2021-08-31
48853.49,3.5995350759573186,2021-09-01
49274.79,0.8623744178768047,2021-09-02
50025.04,1.522583860834313,2021-09-03
49943.16,0.16367803004254947,2021-09-04
51809.28,3.7364876391481743,2021-09-05
52708.2,1.735055959086863,2021-09-06
46866.82,11.08248811380392,2021-09-07
46091.94,1.6533658566977607,2021-09-08
46392.81,0.6527605477226502,2021-09-09
44857.38,3.309629229184437,2021-09-10
45176.66,0.7117669377926356,2021-09-11
46035.0,1.899963388174328,2021-09-12
44974.34,2.3040295427392277,2021-09-13
47103.18,4.733454676600044,2021-09-14
48150.94,2.224393342445249,2021-09-15
47760.64,0.8105760759810772,2021-09-16
47305.18,0.9536304371130687,2021-09-17
48326.74,2.1595098042117113,2021-09-18
47245.25,2.2378707936848174,2021-09-19
43035.99,8.9093824246882,2021-09-20
40596.54,5.668395219907796,2021-09-21
43589.53,7.372524850639975,2021-09-22
44903.5,3.0144165353469083,2021-09-23
42848.5,4.5764806752257625,2021-09-24
42722.19,0.2947827811942021,2021-09-25
43204.73,1.1294832966193935,2021-09-26
42189.81,2.3490946477388133,2021-09-27
41049.0,2.7039941635195746,2021-09-28
41542.9,1.2031961801749165,2021-09-29
43834.43,5.5160568954021,2021-09-30
48171.86,9.895030002671417,2021-10-01
47685.8,1.0090123154887474,2021-10-02
48235.93,1.153655805292136,2021-10-03
49242.14,2.0860176221335407,2021-10-04
51501.19,4.587635712014147,2021-10-05
55345.79,7.4650702245909235,2021-10-06
53787.6,2.8153722261440346,2021-10-07
53957.21,0.31533290200715514,2021-10-08
54976.92,1.8898493825014289,2021-10-09
54714.95,0.47650905143467687,2021-10-10
57485.2,5.063058633883427,2021-10-11
55995.49,2.591467021076728,2021-10-12
57374.55,2.4628054866561664,2021-10-13
57371.58,0.005176511188325074,2021-10-14
61657.35,7.470196916312914,2021-10-15
60870.26,1.276555025475465,2021-10-16
61538.97,1.098582460465914,2021-10-17
62034.65,0.8054733447764892,2021-10-18
64241.61,3.5576246500947444,2021-10-19
65990.31,2.7220675197897393,2021-10-20
62219.44,5.7142783538977096,2021-10-21
60702.68,2.4377590026525504,2021-10-22
61338.76,1.0478614782741087,2021-10-23
60910.16,0.6987425243027386,2021-10-24
63101.43,3.597544317729582,2021-10-25
60328.22,4.394844934575967,2021-10-26
58465.9,3.0869798578509355,2021-10-27
60592.76,3.637778602570046,2021-10-28
62301.59,2.820188418550326,2021-10-29
61932.3,0.5927457068110037,2021-10-30
61359.44,0.924977757971205,2021-10-31
60922.85,0.7115286580190493,2021-11-01
63260.0,3.836245349651242,2021-11-02
62930.72,0.5205184950995871,2021-11-03
61457.25,2.3414160842272285,2021-11-04
61031.91,0.6920908436352041,2021-11-05
61542.44,0.8364968423894956,2021-11-06
63300.0,2.8558503692736226,2021-11-07
67559.0,6.728278041074249,2021-11-08
66945.72,0.9077695051732542,2021-11-09
64921.43,3.0237780697556182,2021-11-10
64821.33,0.15418637574680433,2021-11-11
64158.41,1.022688056539411,2021-11-12
64417.52,0.40385975899339355,2021-11-13
65509.87,1.6957343281765673,2021-11-14
63606.09,2.9060964401242226,2021-11-15
60142.31,5.445673519626814,2021-11-16
60373.65,0.3846543307032999,2021-11-17
56917.66,5.724335036891091,2021-11-18
58128.55,2.1274416411356323,2021-11-19
59768.54,2.821315859418475,2021-11-20
58678.47,1.823819019169616,2021-11-21
56294.11,4.063432465093245,2021-11-22
57579.99,2.2842176561633134,2021-11-23
57185.06,0.6858806331852443,2021-11-24
58990.14,3.156558723554722,2021-11-25
53789.35,8.81637168516637,2021-11-26
54774.66,1.8317938402304637,2021-11-27
57338.55,4.6807958278517825,2021-11-28
57845.12,0.8834719399077926,2021-11-29
56974.12,1.5057449962935507,2021-11-30
57251.59,0.4870105935817769,2021-12-01
56547.96,1.2290139016226405,2021-12-02
53743.69,4.959100204498972,2021-12-03
49234.97,8.38930114400407,2021-12-04
49463.22,0.4635932549567919,2021-12-05
50555.0,2.2072562198740777,2021-12-06
50627.32,0.1430521214518835,2021-12-07
50543.3,0.16595782672279868,2021-12-08
47593.12,5.836935854999575,2021-12-09
47142.42,0.946985614727516,2021-12-10
49400.54,4.789995931477431,2021-12-11
50124.38,1.4652471410231478,2021-12-12
46725.02,6.781849471255306,2021-12-13
48389.96,3.5632729531201965,2021-12-14
48876.84,1.0061591288771419,2021-12-15
47663.42,2.4826073044001995,2021-12-16
46210.92,3.0474103620764104,2021-12-17
46881.87,1.4519295439259905,2021-12-18
46704.67,0.37797127119716933,2021-12-19
46915.0,0.45034040493167327,2021-12-20
48929.86,4.294703186614091,2021-12-21
48618.99,0.635338012412058,2021-12-22
50850.0,4.588762539081956,2021-12-23
50841.48,0.016755162241881612,2021-12-24
50442.22,0.7853036536308582,2021-12-25
50791.21,0.6918609054082036,2021-12-26
50718.11,0.14392254092784665,2021-12-27
47543.3,6.259716696856405,2021-12-28
46483.36,2.2294203389331457,2021-12-29
47150.71,1.4356750458658722,2021-12-30
46214.37,1.9858449639464526,2021-12-31
47777.42,3.38217312061161,2022-01-01
47350.22,0.894146230583395,2022-01-02
46439.89,1.922546505591741,2022-01-03
45820.0,1.3348222831707814,2022-01-04
43435.8,5.203404626800517,2022-01-05
43097.6,0.7786204006833174,2022-01-06
41535.66,3.6241925304425187,2022-01-07
41690.77,0.37343814929146013,2022-01-08
41875.81,0.4438392478718932,2022-01-09
41845.42,0.07257173055279269,2022-01-10
42736.0,2.1282615875285797,2022-01-11
43933.5,2.802087233245975,2022-01-12
42571.94,3.0991384706431258,2022-01-13
43102.35,1.245914562502898,2022-01-14
43102.01,0.0007888200991280233,2022-01-15
43107.7,0.013201240498981491,2022-01-16
42255.07,1.977906499302903,2022-01-17
42377.4,0.2895037210919346,2022-01-18
41683.21,1.6381137115538051,2022-01-19
40736.05,2.2722818132288665,2022-01-20
36495.46,10.409919469364368,2022-01-21
35091.11,3.848012876122122,2022-01-22
36293.62,3.426822349022308,2022-01-23
36724.99,1.1885560051601227,2022-01-24
36975.91,0.6832404855658383,2022-01-25
36829.32,0.3964473085314297,2022-01-26
37208.36,1.029180012012171,2022-01-27
37748.36,1.4512867538370409,2022-01-28
38192.65,1.1769782846195196,2022-01-29
37941.82,0.6567494007354864,2022-01-30
38491.92,1.449851377714613,2022-01-31
38733.04,0.6264171805407541,2022-02-01
36923.5,4.67182539764501,2022-02-02
37320.11,1.0741397754817408,2022-02-03
41579.57,11.413310410928583,2022-02-04
41427.72,0.3652033919542664,2022-02-05
42420.24,2.395787168591457,2022-02-06
43869.04,3.4153507853798164,2022-02-07
44091.56,0.5072369944726322,2022-02-08
44426.84,0.7604176400199921,2022-02-09
43524.6,2.030844417473757,2022-02-10
42406.19,2.5696043157202966,2022-02-11
42241.11,0.3892827910265028,2022-02-12
42077.74,0.3867559351541724,2022-02-13
42540.3,1.0992985840019092,2022-02-14
44582.48,4.800577334903609,2022-02-15
43901.48,1.5275058722619288,2022-02-16
40556.11,7.620175902953619,2022-02-17
39996.99,1.3786332071789,2022-02-18
40109.02,0.28009607722980867,2022-02-19
38373.9,4.326009461213451,2022-02-20
37076.6,3.380683224796028,2022-02-21
38269.94,3.2185799129370114,2022-02-22
37274.18,2.6019377088127182,2022-02-23
38376.88,2.958348111212633,2022-02-24
39231.64,2.227278507267923,2022-02-25
39146.66,0.21661087836245418,2022-02-26
37712.68,3.663096672870695,2022-02-27
43178.98,14.494594391064233,2022-02-28
44443.96,2.9296199215451497,2022-03-01
43936.72,1.1413024401965934,2022-03-02
42476.26,3.32400780030917,2022-03-03
39175.56,7.770693559178714,2022-03-04
39416.79,0.615766564664304,2022-03-05
38438.89,2.4809224698409014,2022-03-06
38016.47,1.098939121290959,2022-03-07
38753.65,1.9391069186592031,2022-03-08
41960.02,8.27372389439445,2022-03-09
39444.45,5.995159201544709,2022-03-10
38729.79,1.8118138293219863,2022-03-11
38822.02,0.2381371032479028,2022-03-12
37790.54,2.656945723071587,2022-03-13
39665.71,4.962009010720668,2022-03-14
39302.7,0.9151733323316336,2022-03-15
41142.76,4.681764866027029,2022-03-16
40963.22,0.43638297479313704,2022-03-17
41794.37,2.0290152971372892,2022-03-18
42235.31,1.0550224826932313,2022-03-19
41242.14,2.3515158288171634,2022-03-20
41043.14,0.48251618368978916,2022-03-21
42393.41,3.28987986786587,2022-03-22
42925.41,1.254912025241659,2022-03-23
44025.99,2.5639359064945317,2022-03-24
44320.6,0.6691729135449324,2022-03-25
44535.65,0.4852145503445416,2022-03-26
46864.39,5.228934572640116,2022-03-27
47152.38,0.6145177607134072,2022-03-28
47459.03,0.6503383286273174,2022-03-29
47068.08,0.823763148972908,2022-03-30
45517.27,3.2948231582847756,2022-03-31
46307.81,1.7367913321690889,2022-04-01
45820.28,1.052802972112045,2022-04-02
46401.57,1.2686303968461146,2022-04-03
46598.2,0.4237572133873862,2022-04-04
45502.73,2.3508847981252363,2022-04-05
43191.59,5.079123823999146,2022-04-06
43454.53,0.6087759214235975,2022-04-07
42290.11,2.6796285680687335,2022-04-08
42767.89,1.1297676927300468,2022-04-09
42133.85,1.4825141011165173,2022-04-10
39524.86,6.192147169081387,2022-04-11
40097.46,1.4487084837239108,2022-04-12
41147.74,2.6193180316159648,2022-04-13
39961.53,2.8828071723987736,2022-04-14
40563.18,1.5055729848181525,2022-04-15
40395.67,0.41296071954911334,2022-04-16
39691.27,1.7437512485867952,2022-04-17
40814.6,2.8301689515099966,2022-04-18
41505.77,1.693438132432998,2022-04-19
41375.85,0.3130167203258686,2022-04-20
40470.76,2.187483761662894,2022-04-21
39726.03,1.840168062077419,2022-04-22
39421.59,0.7663489153081804,2022-04-23
39467.4,0.11620535853577939,2022-04-24
40441.11,2.4671247662627867,2022-04-25
38137.67,5.695788270895637,2022-04-26
39256.05,2.932481192479784,2022-04-27
39754.2,1.268976374342284,2022-04-28
38593.42,2.9198927408927835,2022-04-29
37639.8,2.470939346655454,2022-04-30
38488.34,2.2543690455315746,2022-05-01
38521.01,0.08488285023465687,2022-05-02
37729.95,2.0535806304144284,2022-05-03
39685.23,5.182302123379453,2022-05-04
36533.93,7.940737649750304,2022-05-05
36019.22,1.4088547276463252,2022-05-06
35463.46,1.5429540117748304,2022-05-07
34025.5,4.05476510188233,2022-05-08
30082.0,11.589837033989214,2022-05-09
30999.97,3.0515590718702255,2022-05-10
29000.0,6.45152237244101,2022-05-11
28896.19,0.3579655172413838,2022-05-12
29238.81,1.1856926466776507,2022-05-13
30033.96,2.7195019222738472,2022-05-14
31295.03,4.19881360966053,2022-05-15
29832.45,4.6735216422543715,2022-05-16
30425.36,1.9874666680074882,2022-05-17
28681.26,5.732389033359021,2022-05-18
30290.33,5.610178911247286,2022-05-19
29176.7,3.6765198662411436,2022-05-20
29421.05,0.8374833343044228,2022-05-21
30264.66,2.867368771678783,2022-05-22
29081.76,3.908519044985146,2022-05-23
29632.15,1.8925608353827383,2022-05-24
29510.15,0.4117149784946417,2022-05-25
29183.06,1.1083982968571835,2022-05-26
28589.48,2.0339882109689724,2022-05-27
29010.82,1.47375887914016,2022-05-28
29448.94,1.510195161667264,2022-05-29
31731.22,7.749956365152711,2022-05-30
31762.76,0.09939737583363399,2022-05-31
29787.4,6.219106903808098,2022-06-01
30437.18,2.1813921322438303,2022-06-02
29669.39,2.522539867359594,2022-06-03
29853.51,0.6205722463454726,2022-06-04
29888.98,0.11881349965213862,2022-06-05
31351.21,4.892204417815528,2022-06-06
31115.82,0.7508163161804582,2022-06-07
30185.58,2.989604644839821,2022-06-08
30089.03,0.319854712084389,2022-06-09
29065.66,3.4011398838712945,2022-06-10
28390.94,2.321364799560723,2022-06-11
26585.1,6.3606206768779066,2022-06-12
22450.43,15.55258396620663,2022-06-13
22097.3,1.5729320106563707,2022-06-14
22555.27,2.072515646707974,2022-06-15
20382.88,9.631407648855452,2022-06-16
20440.7,0.2836694323863934,2022-06-17
18956.8,7.259536121561401,2022-06-18
20552.82,8.419247974341664,2022-06-19
20555.44,0.012747642415974944,2022-06-20
20712.29,0.7630583436793481,2022-06-21
19963.68,3.6143275321077515,2022-06-22
21093.42,5.658976701690259,2022-06-23
21215.42,0.5783794187950555,2022-06-24
21486.8,1.2791639288781511,2022-06-25
21028.69,2.1320531675261116,2022-06-26
20699.72,1.5643865595051216,2022-06-27
20261.34,2.117806424434731,2022-06-28
20093.18,0.8299549782985718,2022-06-29
19924.89,0.8375478644993021,2022-06-30
19239.47,3.4400189913219004,2022-07-01
19228.25,0.05831761477837573,2022-07-02
19294.46,0.3443371081611646,2022-07-03
20209.53,4.742656700420741,2022-07-04
20168.63,0.20237976835679908,2022-07-05
20547.45,1.8782634219577616,2022-07-06
21643.56,5.3345305621865515,2022-07-07
21584.14,0.27453893906548593,2022-07-08
21588.35,0.01950506251348966,2022-07-09
20856.08,3.3919683533016505,2022-07-10
19949.71,4.34583104782875,2022-07-11
19321.14,3.1507726177473243,2022-07-12
20232.35,4.716129586556483,2022-07-13
20577.23,1.7045968461399739,2022-07-14
20835.39,1.2545906324612197,2022-07-15
21195.49,1.728309381297889,2022-07-16
20801.85,1.857187543199063,2022-07-17
22435.04,7.8511766982263715,2022-07-18
23405.02,4.323504660566683,2022-07-19
23208.53,0.8395207523856061,2022-07-20
23163.34,0.1947128921995434,2022-07-21
22682.26,2.0769025537767947,2022-07-22
22468.69,0.9415728415069738,2022-07-23
22595.81,0.5657650713059045,2022-07-24
21306.56,5.705703845093405,2022-07-25
21259.78,0.21955679377620071,2022-07-26
22969.04,8.039876235784199,2022-07-27
23853.11,3.8489636484589673,2022-07-28
23785.31,0.2842396651841176,2022-07-29
23644.58,0.5916677142320178,2022-07-30
23322.53,1.3620457627075757,2022-07-31
23282.92,0.16983577682181386,2022-08-01
23001.52,1.2086112910236253,2022-08-02
22835.88,0.7201263220865378,2022-08-03
22615.24,0.966198806439688,2022-08-04
23326.4,3.1446051423730186,2022-08-05
22956.61,1.5852853419301771,2022-08-06
23187.62,1.0062896917271251,2022-08-07
23821.68,2.7344764145695044,2022-08-08
23164.78,2.7575720939916977,2022-08-09
23964.0,3.450151479962258,2022-08-10
23959.0,0.020864630278751458,2022-08-11
24407.0,1.8698610125631288,2022-08-12
24456.0,0.2007620764534765,2022-08-13
24320.0,0.5561007523716062,2022-08-14
24110.0,0.8634868421052633,2022-08-15
23867.0,1.0078805474906678,2022-08-16
23340.0,2.208069719696652,2022-08-17
23201.0,0.5955441302485005,2022-08-18
20841.0,10.171975345890264,2022-08-19
21146.0,1.463461446187803,2022-08-20
21514.0,1.7402818499952708,2022-08-21
21411.0,0.4787580180347681,2022-08-22
21520.0,0.5090841156414927,2022-08-23
21372.0,0.6877323420074349,2022-08-24
21571.0,0.9311248362343252,2022-08-25
20250.0,6.123962727736313,2022-08-26
20045.0,1.0123456790123457,2022-08-27
19557.0,2.434522324769269,2022-08-28
20302.0,3.8093777164186737,2022-08-29
19819.0,2.3790759531080683,2022-08-30
20059.0,1.2109591805842879,2022-08-31
20128.0,0.34398524353158183,2022-09-01
19959.0,0.8396263910969793,2022-09-02
19840.0,0.5962222556240292,2022-09-03
20007.0,0.8417338709677419,2022-09-04
19794.0,1.064627380416854,2022-09-05
18789.0,5.07729615034859,2022-09-06
19276.0,2.5919420937782744,2022-09-07
19322.0,0.23863872172649928,2022-09-08
21371.0,10.604492288582962,2022-09-09
21672.0,1.4084507042253522,2022-09-10
21835.0,0.7521225544481359,2022-09-11
22401.0,2.59216853675292,2022-09-12
20177.0,9.928128208562118,2022-09-13
20233.0,0.27754373791941317,2022-09-14
19691.0,2.6787920723570404,2022-09-15
19802.0,0.5637093088212889,2022-09-16
20114.0,1.5755984244015757,2022-09-17
19419.0,3.455304762851745,2022-09-18
19538.0,0.6128018950512385,2022-09-19
18878.0,3.3780325519500463,2022-09-20
18466.0,2.182434579934315,2022-09-21
19403.0,5.074190403985703,2022-09-22
19294.0,0.5617687986393857,2022-09-23
18921.0,1.933243495387167,2022-09-24
18810.0,0.5866497542413192,2022-09-25
19226.0,2.2115895800106324,2022-09-26
19075.0,0.7853947779049204,2022-09-27
19413.0,1.7719528178243775,2022-09-28
19592.0,0.9220625354144131,2022-09-29
19425.0,0.8523887300939158,2022-09-30
19312.0,0.5817245817245817,2022-10-01
19051.0,1.3514913007456504,2022-10-02
19636.0,3.070704949871398,2022-10-03
20343.0,3.6005296394377675,2022-10-04
20162.0,0.8897409428304576,2022-10-05
19951.0,1.046523162384684,2022-10-06
19532.0,2.1001453561225,2022-10-07
19420.0,0.5734179807495392,2022-10-08
19445.0,0.12873326467559218,2022-10-09
19131.0,1.614811005399846,2022-10-10
19059.0,0.37635251685745646,2022-10-11
19157.0,0.5141927698200325,2022-10-12
19377.0,1.1484052826643003,2022-10-13
19181.0,1.0115084894462507,2022-10-14
19066.0,0.5995516396433971,2022-10-15
19264.0,1.03849784957516,2022-10-16
19547.0,1.46906146179402,2022-10-17
19334.0,1.0896812810149896,2022-10-18
19126.0,1.075824971552705,2022-10-19
19043.0,0.43396423716406984,2022-10-20
19165.0,0.6406553589245392,2022-10-21
19206.0,0.213931646230107,2022-10-22
19574.0,1.9160678954493386,2022-10-23
19332.0,1.2363339123326862,2022-10-24
20087.0,3.905441754603766,2022-10-25
20775.0,3.4251008114701054,2022-10-26
20296.0,2.305655836341757,2022-10-27
20599.0,1.492905005912495,2022-10-28
20821.0,1.0777222195252196,2022-10-29
20628.0,0.9269487536621679,2022-10-30
20498.0,0.6302113631956564,2022-10-31
20480.0,0.08781344521416723,2022-11-01
20154.0,1.591796875,2022-11-02
20209.0,0.2728986801627469,2022-11-03
21153.0,4.671186105200653,2022-11-04
21301.0,0.6996643502103721,2022-11-05
20907.0,1.8496784188535749,2022-11-06
20590.0,1.516238580379777,2022-11-07
18550.0,9.907722195240408,2022-11-08
15877.0,14.409703504043126,2022-11-09
17551.0,10.543553568054419,2022-11-10
17007.0,3.0995384878354506,2022-11-11
16788.0,1.2877050626212736,2022-11-12
16310.0,2.84727186085299,2022-11-13
16589.0,1.7106069895769467,2022-11-14
16874.0,1.7180059075290854,2022-11-15
16654.0,1.303780964797914,2022-11-16
16686.0,0.19214603098354752,2022-11-17
16683.0,0.017979144192736426,2022-11-18
16690.0,0.04195888029730864,2022-11-19
16256.0,2.6003594967046135,2022-11-20
15766.0,3.014271653543307,2022-11-21
16197.0,2.7337308131422047,2022-11-22
16603.0,2.5066370315490523,2022-11-23
16591.0,0.07227609468168403,2022-11-24
16508.0,0.500271231390513,2022-11-25
16454.0,0.3271141264841289,2022-11-26
16424.0,0.1823264859608606,2022-11-27
16210.0,1.3029712615684366,2022-11-28
16434.0,1.3818630475015423,2022-11-29
17170.0,4.478520141170743,2022-11-30
16977.0,1.1240535818287711,2022-12-01
17095.0,0.6950580196736762,2022-12-02
16886.0,1.222579701667154,2022-12-03
17114.0,1.350230960559043,2022-12-04
16968.0,0.8531027229169102,2022-12-05
17087.0,0.7013201320132013,2022-12-06
16836.0,1.4689530052086381,2022-12-07
17229.0,2.3342836778332146,2022-12-08
17128.0,0.5862209066109467,2022-12-09
17128.0,0.0,2022-12-10
17091.0,0.21602055114432506,2022-12-11
17209.0,0.6904218594581943,2022-12-12
17772.0,3.271543959556046,2022-12-13
17803.0,0.1744316902993473,2022-12-14
17362.0,2.4771105993371902,2022-12-15
16633.0,4.198825020158968,2022-12-16
16781.0,0.8897973907292731,2022-12-17
16749.0,0.19069185388236695,2022-12-18
16446.0,1.8090632276553824,2022-12-19
16898.0,2.7483886659370063,2022-12-20
16824.0,0.4379216475322524,2022-12-21
16821.0,0.01783166904422254,2022-12-22
16779.0,0.24968789013732834,2022-12-23
16839.0,0.3575898444484177,2022-12-24
16828.0,0.06532454421283924,2022-12-25
16917.0,0.5288804373662943,2022-12-26
16700.0,1.2827333451557605,2022-12-27
16540.0,0.9580838323353293,2022-12-28
16628.0,0.532043530834341,2022-12-29
16603.0,0.15034880923743082,2022-12-30
16528.0,0.4517255917605252,2022-12-31
16615.0,0.526379477250726,2023-01-01
16673.0,0.3490821546795065,2023-01-02
16670.0,0.01799316259821268,2023-01-03
16849.0,1.0737852429514096,2023-01-04
16826.0,0.1365066176034186,2023-01-05
16950.0,0.736954712944253,2023-01-06
16945.0,0.029498525073746312,2023-01-07
17119.0,1.026851578636766,2023-01-08
17179.0,0.35048776213563876,2023-01-09
17446.0,1.5542231794632984,2023-01-10
17930.0,2.7742749054224465,2023-01-11
18853.0,5.147796988287786,2023-01-12
19931.0,5.717922876995703,2023-01-13
20960.0,5.162811700366263,2023-01-14
20885.0,0.35782442748091603,2023-01-15
21189.0,1.4555901364615753,2023-01-16
21134.0,0.2595686441077918,2023-01-17
20670.0,2.195514337087158,2023-01-18
21086.0,2.0125786163522013,2023-01-19
22678.0,7.55003319738215,2023-01-20
22783.0,0.4630037922215363,2023-01-21
22717.0,0.28968968090242725,2023-01-22
22922.0,0.9024078883655412,2023-01-23
22637.0,1.2433470028793299,2023-01-24
23054.0,1.8421168882802492,2023-01-25
23010.0,0.19085625054220526,2023-01-26
23083.0,0.3172533681008257,2023-01-27
23033.0,0.2166096261317853,2023-01-28
23746.0,3.095558546433378,2023-01-29
22831.0,3.853280552514108,2023-01-30
23127.0,1.296482852262275,2023-01-31
23735.0,2.628961819518312,2023-02-01
23498.0,0.9985253844533389,2023-02-02
23434.0,0.2723636054132267,2023-02-03
23330.0,0.4437996074080396,2023-02-04
22937.0,1.6845263609087013,2023-02-05
22763.0,0.7585996424990191,2023-02-06
23252.0,2.14822299345429,2023-02-07
22961.0,1.2515052468604853,2023-02-08
21802.0,5.047689560559209,2023-02-09
21639.0,0.7476378313916154,2023-02-10
21868.0,1.058274411941402,2023-02-11
21789.0,0.36125845985000915,2023-02-12
21790.0,0.004589471751801368,2023-02-13
22211.0,1.9320789352914183,2023-02-14
24332.0,9.549322407815946,2023-02-15
23521.0,3.3330593457175732,2023-02-16
24580.0,4.502359593554696,2023-02-17
24640.0,0.24410089503661514,2023-02-18
24296.0,1.396103896103896,2023-02-19
24843.0,2.2513994073098456,2023-02-20
24450.0,1.581934548967516,2023-02-21
24188.0,1.0715746421267893,2023-02-22
23939.0,1.0294360840085992,2023-02-23
23189.0,3.1329629474915413,2023-02-24
23161.0,0.12074690586053732,2023-02-25
23562.0,1.7313587496222096,2023-02-26
23493.0,0.2928444104914693,2023-02-27
23136.0,1.5196015834503895,2023-02-28
23634.0,2.1524896265560165,2023-03-01
23466.0,0.7108403148007109,2023-03-02
22359.0,4.717463564305804,2023-03-03
22347.0,0.053669663222863276,2023-03-04
22428.0,0.3624647603705195,2023-03-05
22407.0,0.09363295880149813,2023-03-06
22200.0,0.9238184495916455,2023-03-07
21704.0,2.2342342342342345,2023-03-08
20367.0,6.16015481017324,2023-03-09
20220.0,0.7217557814111062,2023-03-10
20618.0,1.9683481701285854,2023-03-11
22183.0,7.590454942283442,2023-03-12
24209.0,9.133119956723618,2023-03-13
24750.0,2.2347061010368043,2023-03-14
24368.0,1.5434343434343434,2023-03-15
25050.0,2.798752462245568,2023-03-16
27466.0,9.644710578842314,2023-03-17
26980.0,1.769460423796694,2023-03-18
28054.0,3.9807264640474425,2023-03-19
27815.0,0.8519284237541884,2023-03-20
28192.0,1.3553837857271256,2023-03-21
27320.0,3.0930760499432464,2023-03-22
28343.0,3.744509516837482,2023-03-23
27493.0,2.998976819673288,2023-03-24
27499.0,0.021823736951223947,2023-03-25
28004.0,1.8364304156514781,2023-03-26
27142.0,3.0781316954720754,2023-03-27
27272.0,0.478962493552428,2023-03-28
28353.0,3.963772367263127,2023-03-29
28039.0,1.1074665820195393,2023-03-30
28476.0,1.5585434573272943,2023-03-31
28469.0,0.024582104228121928,2023-04-01
28186.0,0.9940637184305736,2023-04-02
27816.0,1.312708436812602,2023-04-03
28178.0,1.3014092608570607,2023-04-04
28183.0,0.017744339555681738,2023-04-05
28051.0,0.46836745555831527,2023-04-06
27931.0,0.42779223557092444,2023-04-07
27969.0,0.13604955067845764,2023-04-08
28340.0,1.3264685902248918,2023-04-09
29652.0,4.629498941425547,2023-04-10
30246.0,2.0032375556454878,2023-04-11
29903.0,1.1340342524631355,2023-04-12
30410.0,1.695482058656322,2023-04-13
30498.0,0.28937849391647485,2023-04-14
30332.0,0.5442979867532297,2023-04-15
30330.0,0.0065936964262165365,2023-04-16
29448.0,2.908011869436202,2023-04-17
30395.0,3.215838087476229,2023-04-18
28827.0,5.158743214344465,2023-04-19
28238.0,2.043223366982343,2023-04-20
27254.0,3.4846660528366034,2023-04-21
27817.0,2.065751816247156,2023-04-22
27596.0,0.794478196786138,2023-04-23
27512.0,0.30439194086099436,2023-04-24
28300.0,2.864204710671707,2023-04-25
28428.0,0.45229681978798586,2023-04-26
29485.0,3.7181651892500356,2023-04-27
29333.0,0.5155163642530101,2023-04-28
29247.0,0.2931851498312481,2023-04-29
29235.0,0.04102984921530413,2023-04-30
28079.0,3.9541645288181972,2023-05-01
28680.0,2.1403896150147794,2023-05-02
29033.0,1.2308228730822874,2023-05-03
28851.0,0.6268728688044639,2023-05-04
29547.0,2.4123947176874285,2023-05-05
28911.0,2.152502792161641,2023-05-06
28472.0,1.5184531839092388,2023-05-07
27690.0,2.7465580219162686,2023-05-08
27650.0,0.1444564824846515,2023-05-09
27618.0,0.11573236889692587,2023-05-10
26991.0,2.2702585270475777,2023-05-11
26811.0,0.6668889629876625,2023-05-12
26789.0,0.08205587258960875,2023-05-13
26933.0,0.5375340624883348,2023-05-14
27166.0,0.8651097167044146,2023-05-15
27037.0,0.47485827873076636,2023-05-16
27404.0,1.3573991197248214,2023-05-17
26818.0,2.138373960005839,2023-05-18
26893.0,0.2796629129689015,2023-05-19
27115.0,0.8254936228758413,2023-05-20
26750.0,1.3461183846579385,2023-05-21
26856.0,0.3962616822429907,2023-05-22
27226.0,1.377718200774501,2023-05-23
26325.0,3.309336663483435,2023-05-24
26478.0,0.5811965811965812,2023-05-25
26718.0,0.9064128710627691,2023-05-26
26872.0,0.5763904483868553,2023-05-27
28072.0,4.465614766299494,2023-05-28
27749.0,1.1506127101738386,2023-05-29
27706.0,0.15496053911852678,2023-05-30
27219.0,1.7577420053418034,2023-05-31
26826.0,1.4438443734156288,2023-06-01
27251.0,1.5842839036755387,2023-06-02
27076.0,0.6421782686873876,2023-06-03
27125.0,0.1809720785935884,2023-06-04
25739.0,5.109677419354839,2023-06-05
27236.0,5.81607677065931,2023-06-06
26348.0,3.260390659421354,2023-06-07
26510.0,0.6148474267496584,2023-06-08
26484.0,0.09807619766125991,2023-06-09
25857.0,2.3674671499773448,2023-06-10
25941.0,0.32486367327996285,2023-06-11
25906.0,0.13492155275432713,2023-06-12
25934.0,0.10808306955917549,2023-06-13
25127.0,3.111745199352202,2023-06-14
25573.0,1.7749830859235087,2023-06-15
26333.0,2.9718844093379735,2023-06-16
26507.0,0.6607678578209851,2023-06-17
26340.0,0.6300222582714,2023-06-18
26842.0,1.90584662110858,2023-06-19
28315.0,5.487668579092467,2023-06-20
30009.0,5.982694684796044,2023-06-21
29889.0,0.39988003598920324,2023-06-22
30716.0,2.7669042122519993,2023-06-23
30548.0,0.5469462169553327,2023-06-24
30477.0,0.2324211077648291,2023-06-25
30274.0,0.6660760573547265,2023-06-26
30696.0,1.3939353901037195,2023-06-27
30079.0,2.0100338806359135,2023-06-28
30444.0,1.2134711925263473,2023-06-29
30469.0,0.08211798712389962,2023-06-30
30592.0,0.4036889953723456,2023-07-01
30616.0,0.07845188284518828,2023-07-02
31158.0,1.7703161745492553,2023-07-03
30771.0,1.242056614673599,2023-07-04
30501.0,0.8774495466510676,2023-07-05
29912.0,1.9310842267466641,2023-07-06
30348.0,1.4576089863599893,2023-07-07
30293.0,0.1812310531171741,2023-07-08
30167.0,0.41593767537054765,2023-07-09
30421.0,0.8419796466337389,2023-07-10
30621.0,0.6574405838072385,2023-07-11
30382.0,0.7805101074426047,2023-07-12
31471.0,3.5843591600289644,2023-07-13
30331.0,3.622382510883035,2023-07-14
30301.0,0.09890870726319606,2023-07-15
30253.0,0.15841061351110525,2023-07-16
30154.0,0.32724027369186526,2023-07-17
29868.0,0.948464548650262,2023-07-18
29919.0,0.17075130574527922,2023-07-19
29806.0,0.3776864200006685,2023-07-20
29908.0,0.3422129772529021,2023-07-21
29789.0,0.3978868530159154,2023-07-22
30085.0,0.9936553761455571,2023-07-23
29177.0,3.0181153398703673,2023-07-24
29224.0,0.1610857867498372,2023-07-25
29354.0,0.4448398576512456,2023-07-26
29219.0,0.45990324998296656,2023-07-27
29317.0,0.33539819980149904,2023-07-28
29360.0,0.14667257904969813,2023-07-29
29279.0,0.27588555858310626,2023-07-30
29231.0,0.16394002527408724,2023-07-31
29696.0,1.590776914919093,2023-08-01
29164.0,1.7914870689655173,2023-08-02
29176.0,0.041146619119462345,2023-08-03
29077.0,0.33931998903208116,2023-08-04
29049.0,0.09629604154486364,2023-08-05
29042.0,0.02409721505043203,2023-08-06
29181.0,0.47861717512568,2023-08-07
29764.0,1.9978753298379084,2023-08-08
29565.0,0.6685929310576535,2023-08-09
29423.0,0.48029764924742097,2023-08-10
29398.0,0.08496754239880365,2023-08-11
29415.0,0.057827063065514654,2023-08-12
29284.0,0.4453510113887472,2023-08-13
29408.0,0.423439420844147,2023-08-14
29172.0,0.8025027203482046,2023-08-15
28701.0,1.6145619086795557,2023-08-16
26642.0,7.173966063900212,2023-08-17
26051.0,2.2183019292845882,2023-08-18
26097.0,0.1765767149053779,2023-08-19
26192.0,0.3640265164578304,2023-08-20
26125.0,0.25580329871716556,2023-08-21
26042.0,0.31770334928229665,2023-08-22
26431.0,1.4937408801167344,2023-08-23
26168.0,0.9950436986871477,2023-08-24
26048.0,0.45857535921736475,2023-08-25
26008.0,0.15356265356265356,2023-08-26
26090.0,0.31528760381421106,2023-08-27
26103.0,0.04982752012265236,2023-08-28
27726.0,6.217676129180554,2023-08-29
27300.0,1.536463968837914,2023-08-30
25932.0,5.010989010989011,2023-08-31
25798.0,0.5167360789757828,2023-09-01
25870.0,0.27909140243429725,2023-09-02
25970.0,0.3865481252415926,2023-09-03
25819.0,0.581440123219099,2023-09-04
25783.0,0.1394322010922189,2023-09-05
25748.0,0.1357483613233526,2023-09-06
26245.0,1.9302470094764643,2023-09-07
25908.0,1.2840541055439132,2023-09-08
25899.0,0.03473830477072719,2023-09-09
25836.0,0.24325263523688173,2023-09-10
25155.0,2.6358569437993498,2023-09-11
25844.0,2.739018087855297,2023-09-12
26226.0,1.478099365423309,2023-09-13
26529.0,1.1553420269961108,2023-09-14
26607.0,0.2940178672396246,2023-09-15
26571.0,0.13530273988048258,2023-09-16
26535.0,0.13548605622671334,2023-09-17
26770.0,0.8856227623892972,2023-09-18
27214.0,1.6585730295106464,2023-09-19
27128.0,0.3160138164180201,2023-09-20
26563.0,2.0827189619581246,2023-09-21
26581.0,0.06776343033542898,2023-09-22
26583.0,0.007524171400624505,2023-09-23
26248.0,1.260203889703946,2023-09-24
26297.0,0.18668088997256935,2023-09-25
26208.0,0.3384416473361981,2023-09-26
26361.0,0.5837912087912088,2023-09-27
27026.0,2.5226660597094193,2023-09-28
26911.0,0.4255161696144453,2023-09-29
